variable_id,variable_name,dataset_id,definition,aliases,years,source_document,source_url,page,chunk_id,extraction_notes
ahc-model__var__bene-id,BENE_ID,ahc-model,specific to the CCW and is not applicable to any other identification system or data,,,data/raw/assets/pdf/2ecadb1aec0f9d6e0f07a7cc628ccf35b46ec6c5.pdf,https://www2.ccwdata.org/documents/10280/19022436/codebook-ahc.pdf,17,ahc-model__codebook-ahc_pdf__2ecadb1aec__p17__chunk_2,
ahc-model__var__sr-cn-hrsn-yn,SR_CN_HRSN_YN,ahc-model,1) and two or more,,,data/raw/assets/pdf/2ecadb1aec0f9d6e0f07a7cc628ccf35b46ec6c5.pdf,https://www2.ccwdata.org/documents/10280/19022436/codebook-ahc.pdf,155,ahc-model__codebook-ahc_pdf__2ecadb1aec__p155__chunk_1,
ahc-model__var__sr-ed-last-12-mos,SR_ED_LAST_12_MOS,ahc-model,2 or more),,,data/raw/assets/pdf/2ecadb1aec0f9d6e0f07a7cc628ccf35b46ec6c5.pdf,https://www2.ccwdata.org/documents/10280/19022436/codebook-ahc.pdf,155,ahc-model__codebook-ahc_pdf__2ecadb1aec__p155__chunk_1,
ahcah-patient__var__bene-id,BENE_ID,ahcah-patient,specific to the CCW and is not applicable to any other identification system or data,,,data/raw/assets/pdf/27ccfc27407a53098d675d692da68eaa1b233dfc.pdf,https://www2.ccwdata.org/documents/10280/19022436/codebook-ahcah.pdf,8,ahcah-patient__codebook-ahcah_pdf__27ccfc2740__p8__chunk_1,
ip-encounter__var__bene-id,BENE_ID,ip-encounter,specific to the CCW and is not applicable to any other identification system or data,,,data/raw/assets/pdf/ace8b4036c73edd88167f0ea9a3d49439a3af313.pdf,https://www2.ccwdata.org/documents/10280/19022436/codebook-encounter-records.pdf,16,ip-encounter__codebook-encounter-records_pdf__ace8b4036c__p16__chunk_1,
ip-encounter__var__clm-cntl-num,CLM_CNTL_NUM,ip-encounter,assigned to this updated record. A null/missing CLM_ORIG_CNTL_NUM,,,data/raw/assets/pdf/ace8b4036c73edd88167f0ea9a3d49439a3af313.pdf,https://www2.ccwdata.org/documents/10280/19022436/codebook-encounter-records.pdf,45,ip-encounter__codebook-encounter-records_pdf__ace8b4036c__p45__chunk_2,
ip-encounter__var__clm-rcpt-dt,CLM_RCPT_DT,ip-encounter,derived from the claim control number created by the CMS Encounter Data,,,data/raw/assets/pdf/ace8b4036c73edd88167f0ea9a3d49439a3af313.pdf,https://www2.ccwdata.org/documents/10280/19022436/codebook-encounter-records.pdf,74,ip-encounter__codebook-encounter-records_pdf__ace8b4036c__p74__chunk_1,
ip-encounter__var__clm-thru-dt,CLM_THRU_DT,ip-encounter,CLM_FROM_DT) +1,,,data/raw/assets/pdf/ace8b4036c73edd88167f0ea9a3d49439a3af313.pdf,https://www2.ccwdata.org/documents/10280/19022436/codebook-encounter-records.pdf,32,ip-encounter__codebook-encounter-records_pdf__ace8b4036c__p32__chunk_1,
ip-encounter__var__icd-dgns-e-cd1,ICD_DGNS_E_CD1,ip-encounter,considered more important than ICD_DGNS_E_CD9),,,data/raw/assets/pdf/ace8b4036c73edd88167f0ea9a3d49439a3af313.pdf,https://www2.ccwdata.org/documents/10280/19022436/codebook-encounter-records.pdf,81,ip-encounter__codebook-encounter-records_pdf__ace8b4036c__p81__chunk_1,
ip-ffs__var__bene-id,BENE_ID,ip-ffs,specific to the CCW and is not applicable to any other identification system or data,,,data/raw/assets/pdf/a4af628b5ad494c93baa8921ab4d55ef29217d67.pdf,https://www2.ccwdata.org/documents/10280/19022436/codebook-ffs-claims.pdf,29,ip-ffs__codebook-ffs-claims_pdf__a4af628b5a__p29__chunk_1,
ip-ffs__var__clm-disp-cd,CLM_DISP_CD,ip-ffs,"3, code 1 means voided original debit)",,,data/raw/assets/pdf/a4af628b5ad494c93baa8921ab4d55ef29217d67.pdf,https://www2.ccwdata.org/documents/10280/19022436/codebook-ffs-claims.pdf,44,ip-ffs__codebook-ffs-claims_pdf__a4af628b5a__p44__chunk_1,
ip-ffs__var__clm-next-gnrtn-aco-ind-cd1,CLM_NEXT_GNRTN_ACO_IND_CD1,ip-ffs,CLM_NEXT_GNRTN_ACO_IND_CD5 to DME lines,,,data/raw/assets/xlsx/90c19c7ea3b4ad1863786390a8c5400f3dbbbdf2.xlsx,https://www2.ccwdata.org/documents/10280/19022436/record-layout-ffs-claims.xlsx,8,ip-ffs__record-layout-ffs-claims_xlsx__90c19c7ea3__s8__chunk_1,
ip-ffs__var__clm-op-pps-ind,CLM_OP_PPS_IND,ip-ffs,"2, and TOBs 13X and 14X",,,data/raw/assets/pdf/a4af628b5ad494c93baa8921ab4d55ef29217d67.pdf,https://www2.ccwdata.org/documents/10280/19022436/codebook-ffs-claims.pdf,388,ip-ffs__codebook-ffs-claims_pdf__a4af628b5a__p388__chunk_2,
ip-ffs__var__clm-rlt-cond-cd,CLM_RLT_COND_CD,ip-ffs,M6 (on the occurrence code file) and CLM_VAL_CD = Q4 (on the value code,,,data/raw/assets/pdf/a4af628b5ad494c93baa8921ab4d55ef29217d67.pdf,https://www2.ccwdata.org/documents/10280/19022436/codebook-ffs-claims.pdf,108,ip-ffs__codebook-ffs-claims_pdf__a4af628b5a__p108__chunk_2,
ip-ffs__var__clm-val-cd,CLM_VAL_CD,ip-ffs,Q4 (on the value code,,,data/raw/assets/pdf/a4af628b5ad494c93baa8921ab4d55ef29217d67.pdf,https://www2.ccwdata.org/documents/10280/19022436/codebook-ffs-claims.pdf,108,ip-ffs__codebook-ffs-claims_pdf__a4af628b5a__p108__chunk_2,
ip-ffs__var__dmerc-oxgn-initl-dt-cd,DMERC_OXGN_INITL_DT_CD,ip-ffs,B),,,data/raw/assets/pdf/a4af628b5ad494c93baa8921ab4d55ef29217d67.pdf,https://www2.ccwdata.org/documents/10280/19022436/codebook-ffs-claims.pdf,178,ip-ffs__codebook-ffs-claims_pdf__a4af628b5a__p178__chunk_0,
ip-ffs__var__icd-dgns-cd1,ICD_DGNS_CD1,ip-ffs,considered the primary diagnosis),,,data/raw/assets/pdf/a4af628b5ad494c93baa8921ab4d55ef29217d67.pdf,https://www2.ccwdata.org/documents/10280/19022436/codebook-ffs-claims.pdf,203,ip-ffs__codebook-ffs-claims_pdf__a4af628b5a__p203__chunk_2,
ip-ffs__var__icd-prcdr-cd1,ICD_PRCDR_CD1,ip-ffs,considered the primary procedure performed,,,data/raw/assets/pdf/a4af628b5ad494c93baa8921ab4d55ef29217d67.pdf,https://www2.ccwdata.org/documents/10280/19022436/codebook-ffs-claims.pdf,208,ip-ffs__codebook-ffs-claims_pdf__a4af628b5a__p208__chunk_1,
ip-ffs__var__line-othr-apld-ind-cd1,LINE_OTHR_APLD_IND_CD1,ip-ffs,"LINE_OTHR_APLD_IND_CD7, REV_CNTR",,,data/raw/assets/pdf/a4af628b5ad494c93baa8921ab4d55ef29217d67.pdf,https://www2.ccwdata.org/documents/10280/19022436/codebook-ffs-claims.pdf,3,ip-ffs__codebook-ffs-claims_pdf__a4af628b5a__p3__chunk_3,
ip-ffs__var__prvdr-state-cd,PRVDR_STATE_CD,ip-ffs,"10. NOTE: Effective July 26, 2024, the following CCN assigned state codes are",,2024,data/raw/assets/pdf/a4af628b5ad494c93baa8921ab4d55ef29217d67.pdf,https://www2.ccwdata.org/documents/10280/19022436/codebook-ffs-claims.pdf,317,ip-ffs__codebook-ffs-claims_pdf__a4af628b5a__p317__chunk_1,
ip-ffs__var__rev-cntr-tot-chrg-amt,REV_CNTR_TOT_CHRG_AMT,ip-ffs,a professional component charge amount),,,data/raw/assets/pdf/a4af628b5ad494c93baa8921ab4d55ef29217d67.pdf,https://www2.ccwdata.org/documents/10280/19022436/codebook-ffs-claims.pdf,276,ip-ffs__codebook-ffs-claims_pdf__a4af628b5a__p276__chunk_2,
mbsf-27-cc__var__bene-id,BENE_ID,mbsf-27-cc,specific to the CCW and is not applicable to any other identification system or data,,,data/raw/assets/pdf/67b8f2251b8ce41fa22290227e10b8b8ec333559.pdf,https://www2.ccwdata.org/documents/10280/19022436/codebook-mbsf-cc.pdf,26,mbsf-27-cc__codebook-mbsf-cc_pdf__67b8f2251b__p26__chunk_1,
mbsf-30-cc__var__bene-id,BENE_ID,mbsf-30-cc,specific to the CCW and is not applicable to any other identification system or data,,,data/raw/assets/pdf/0f9abc36852dae6ab7448d07437b996a225a6692.pdf,https://www2.ccwdata.org/documents/10280/19022436/codebook-mbsf-chronic.pdf,18,mbsf-30-cc__codebook-mbsf-chronic_pdf__0f9abc3685__p18__chunk_1,
mbsf-base__var__bene-id,BENE_ID,mbsf-base,specific to the CCW and is not applicable to any other identification system or data,,,data/raw/assets/pdf/3ce60d9c5a3b97f691686c5fdd76b1f633f07612.pdf,https://www2.ccwdata.org/documents/10280/19022436/codebook-mbsf-abcd.pdf,15,mbsf-base__codebook-mbsf-abcd_pdf__3ce60d9c5a__p15__chunk_1,
mbsf-base__var__pbp-id,PBP_ID,mbsf-base,n/a),,,data/raw/assets/pdf/3ce60d9c5a3b97f691686c5fdd76b1f633f07612.pdf,https://www2.ccwdata.org/documents/10280/19022436/codebook-mbsf-abcd.pdf,46,mbsf-base__codebook-mbsf-abcd_pdf__3ce60d9c5a__p46__chunk_2,
mbsf-base__var__sample-group,SAMPLE_GROUP,mbsf-base,when value ='01' or '04') because it includes,,,data/raw/assets/pdf/3ce60d9c5a3b97f691686c5fdd76b1f633f07612.pdf,https://www2.ccwdata.org/documents/10280/19022436/codebook-mbsf-abcd.pdf,34,mbsf-base__codebook-mbsf-abcd_pdf__3ce60d9c5a__p34__chunk_1,
mbsf-base-v2__var__bene-id,BENE_ID,mbsf-base-v2,specific to the CCW and is not applicable to any other identification system or data,,,data/raw/assets/pdf/88dec20615b0691efc1812370c27a4f1825aa109.pdf,https://www2.ccwdata.org/documents/10280/19022436/codebook-mbsf-abcd-v2.pdf,16,mbsf-base-v2__codebook-mbsf-abcd-v2_pdf__88dec20615__p16__chunk_1,
mbsf-base-v2__var__pbp-id,PBP_ID,mbsf-base-v2,n/a),,,data/raw/assets/pdf/88dec20615b0691efc1812370c27a4f1825aa109.pdf,https://www2.ccwdata.org/documents/10280/19022436/codebook-mbsf-abcd-v2.pdf,46,mbsf-base-v2__codebook-mbsf-abcd-v2_pdf__88dec20615__p46__chunk_2,
mbsf-base-v2__var__sample-group,SAMPLE_GROUP,mbsf-base-v2,when value ='01' or '04') because it includes,,,data/raw/assets/pdf/88dec20615b0691efc1812370c27a4f1825aa109.pdf,https://www2.ccwdata.org/documents/10280/19022436/codebook-mbsf-abcd-v2.pdf,33,mbsf-base-v2__codebook-mbsf-abcd-v2_pdf__88dec20615__p33__chunk_1,
mbsf-cost-and-use__var__bene-id,BENE_ID,mbsf-cost-and-use,specific to the CCW and is not applicable to any other identification system or data,,,data/raw/assets/pdf/b8f25df8d81906f5defd1b315d22b81093ed2f5d.pdf,https://www2.ccwdata.org/documents/10280/19022436/codebook-mbsf-cu.pdf,22,mbsf-cost-and-use__codebook-mbsf-cu_pdf__b8f25df8d8__p22__chunk_1,
mbsf-cost-and-use__var__carr-line-mtus-cd,CARR_LINE_MTUS_CD,mbsf-cost-and-use,“2.” The total Primary Payer Payments are calculated as the sum of,,,data/raw/assets/pdf/b8f25df8d81906f5defd1b315d22b81093ed2f5d.pdf,https://www2.ccwdata.org/documents/10280/19022436/codebook-mbsf-cu.pdf,16,mbsf-cost-and-use__codebook-mbsf-cu_pdf__b8f25df8d8__p16__chunk_1,
mbsf-cost-and-use__var__clm-hha-tot-visit-cnt,CLM_HHA_TOT_VISIT_CNT,mbsf-cost-and-use,used to obtain this variable,,,data/raw/assets/pdf/b8f25df8d81906f5defd1b315d22b81093ed2f5d.pdf,https://www2.ccwdata.org/documents/10280/19022436/codebook-mbsf-cu.pdf,38,mbsf-cost-and-use__codebook-mbsf-cu_pdf__b8f25df8d8__p38__chunk_0,
mbsf-cost-and-use__var__line-cms-type-srvc-cd,LINE_CMS_TYPE_SRVC_CD,mbsf-cost-and-use,“F.” The,,,data/raw/assets/pdf/b8f25df8d81906f5defd1b315d22b81093ed2f5d.pdf,https://www2.ccwdata.org/documents/10280/19022436/codebook-mbsf-cu.pdf,19,mbsf-cost-and-use__codebook-mbsf-cu_pdf__b8f25df8d8__p19__chunk_0,
mbsf-cost-and-use__var__prvdr-num,PRVDR_NUM,mbsf-cost-and-use,13,,,data/raw/assets/pdf/b8f25df8d81906f5defd1b315d22b81093ed2f5d.pdf,https://www2.ccwdata.org/documents/10280/19022436/codebook-mbsf-cu.pdf,10,mbsf-cost-and-use__codebook-mbsf-cu_pdf__b8f25df8d8__p10__chunk_4,
mbsf-ndi__var__bene-id,BENE_ID,mbsf-ndi,specific to the CCW and is not applicable to any other identification system or data,,,data/raw/assets/pdf/ce6bdf20b0b93d7392f33d70b2137cdee1ec7e21.pdf,https://www2.ccwdata.org/documents/10280/19022436/codebook-mbsf-ndi.pdf,7,mbsf-ndi__codebook-mbsf-ndi_pdf__ce6bdf20b0__p7__chunk_1,
medpar__var__bene-id,BENE_ID,medpar,specific to the CCW and is not applicable to any other identification system or data,,,data/raw/assets/pdf/01880a8f130acdc0b26ba14dd05f81632589ce24.pdf,https://www2.ccwdata.org/documents/10280/19022436/Codebook-MedPAR.pdf,33,medpar__codebook-medpar_pdf__01880a8f13__p33__chunk_1,
medpar__var__clm-rlt-cond-cd,CLM_RLT_COND_CD,medpar,M6 and CLM_VAL_CD = Q4 have been created to identify the PARH model,,,data/raw/assets/pdf/01880a8f130acdc0b26ba14dd05f81632589ce24.pdf,https://www2.ccwdata.org/documents/10280/19022436/Codebook-MedPAR.pdf,61,medpar__codebook-medpar_pdf__01880a8f13__p61__chunk_3,
medpar__var__clm-val-cd,CLM_VAL_CD,medpar,Q4 have been created to identify the PARH model,,,data/raw/assets/pdf/01880a8f130acdc0b26ba14dd05f81632589ce24.pdf,https://www2.ccwdata.org/documents/10280/19022436/Codebook-MedPAR.pdf,61,medpar__codebook-medpar_pdf__01880a8f13__p61__chunk_3,
medpar__var__prvdr-base-fac-ccn-num,PRVDR_BASE_FAC_CCN_NUM,medpar,populated with CCN of the parent provider for,,2021,data/raw/assets/pdf/01880a8f130acdc0b26ba14dd05f81632589ce24.pdf,https://www2.ccwdata.org/documents/10280/19022436/Codebook-MedPAR.pdf,203,medpar__codebook-medpar_pdf__01880a8f13__p203__chunk_1,
million-hearts__var__bene-id,BENE_ID,million-hearts,specific to the CCW and is not applicable to any other identification system or data,,,data/raw/assets/pdf/d3b20b87a00316ac2738fff4fc36d32eecf35bb7.pdf,https://www2.ccwdata.org/documents/10280/19022436/million-hearts-codebook.pdf,16,million-hearts__million-hearts-codebook_pdf__d3b20b87a0__p16__chunk_1,
mmleads-2__var__fed-pmt-1,FED_PMT_1,mmleads-2,12 Monthly Federal share of all Medicaid payments (based on ending date of service) Value displayed in dollars and cents,,,data/raw/assets/xlsx/44dbf84b2079bde113ba3342dc52d79adaaab07f.xlsx,https://www2.ccwdata.org/documents/10280/19022436/record-layout-mmleads-2006-2012.xlsx,3,mmleads-2__record-layout-mmleads-2006-2012_xlsx__44dbf84b20__s3__chunk_6,
mmleads-2__var__fr-1,FR_1,mmleads-2,12 Monthly Federal rates XXX.XX,,,data/raw/assets/xlsx/44dbf84b2079bde113ba3342dc52d79adaaab07f.xlsx,https://www2.ccwdata.org/documents/10280/19022436/record-layout-mmleads-2006-2012.xlsx,3,mmleads-2__record-layout-mmleads-2006-2012_xlsx__44dbf84b20__s3__chunk_6,
mmleads-2__var__medicaid-clm-cnt-1,MEDICAID_CLM_CNT_1,mmleads-2,MEDICAID_CLM_CNT_12 Monthly Medicaid FFS and encounter claim count XXX,,,data/raw/assets/xlsx/44dbf84b2079bde113ba3342dc52d79adaaab07f.xlsx,https://www2.ccwdata.org/documents/10280/19022436/record-layout-mmleads-2006-2012.xlsx,3,mmleads-2__record-layout-mmleads-2006-2012_xlsx__44dbf84b20__s3__chunk_19,
mmleads-2__var__medicaid-coin-pmt-1,MEDICAID_COIN_PMT_1,mmleads-2,12 Monthly amount paid for Medicare Coinsurance by Medicaid from MAX (based on ending date of service) Value displayed in dollars and cents,,,data/raw/assets/xlsx/44dbf84b2079bde113ba3342dc52d79adaaab07f.xlsx,https://www2.ccwdata.org/documents/10280/19022436/record-layout-mmleads-2006-2012.xlsx,3,mmleads-2__record-layout-mmleads-2006-2012_xlsx__44dbf84b20__s3__chunk_8,
mmleads-2__var__medicaid-cov-day-cnt-1,MEDICAID_COV_DAY_CNT_1,mmleads-2,MEDICAID_COV_DAY_CNT_12 Monthly Medicaid covered day count* XXX,,,data/raw/assets/xlsx/44dbf84b2079bde113ba3342dc52d79adaaab07f.xlsx,https://www2.ccwdata.org/documents/10280/19022436/record-layout-mmleads-2006-2012.xlsx,3,mmleads-2__record-layout-mmleads-2006-2012_xlsx__44dbf84b20__s3__chunk_20,
mmleads-2__var__medicaid-day-cnt-1,MEDICAID_DAY_CNT_1,mmleads-2,MEDICAID_DAY_CNT_12 Monthly Medicaid days - determined using the start and end date of a claim XXX,,,data/raw/assets/xlsx/44dbf84b2079bde113ba3342dc52d79adaaab07f.xlsx,https://www2.ccwdata.org/documents/10280/19022436/record-layout-mmleads-2006-2012.xlsx,3,mmleads-2__record-layout-mmleads-2006-2012_xlsx__44dbf84b20__s3__chunk_20,
mmleads-2__var__medicaid-ded-pmt-1,MEDICAID_DED_PMT_1,mmleads-2,12 Monthly amount paid for Medicare Deductible by Medicaid from MAX (based on ending date of service) Value displayed in dollars and,,,data/raw/assets/xlsx/44dbf84b2079bde113ba3342dc52d79adaaab07f.xlsx,https://www2.ccwdata.org/documents/10280/19022436/record-layout-mmleads-2006-2012.xlsx,3,mmleads-2__record-layout-mmleads-2006-2012_xlsx__44dbf84b20__s3__chunk_8,
mmleads-2__var__medicaid-match-cnt-01,MEDICAID_MATCH_CNT_01,mmleads-2,12 Monthly Medicaid beneficiary payment equaled the Medicare coinsurance and deductible for a,,,data/raw/assets/xlsx/44dbf84b2079bde113ba3342dc52d79adaaab07f.xlsx,https://www2.ccwdata.org/documents/10280/19022436/record-layout-mmleads-2006-2012.xlsx,4,mmleads-2__record-layout-mmleads-2006-2012_xlsx__44dbf84b20__s4__chunk_8,
mmleads-2__var__medicaid-ovrlp-cnt-01,MEDICAID_OVRLP_CNT_01,mmleads-2,"12 Monthly Medicaid beneficiary payment was less than or equal to the Medicare coinsurance and deductible for a service that occurred on the same day. 0 = Medicaid services present, but no",,,data/raw/assets/xlsx/44dbf84b2079bde113ba3342dc52d79adaaab07f.xlsx,https://www2.ccwdata.org/documents/10280/19022436/record-layout-mmleads-2006-2012.xlsx,4,mmleads-2__record-layout-mmleads-2006-2012_xlsx__44dbf84b20__s4__chunk_9,
mmleads-2__var__medicaid-pmt-1,MEDICAID_PMT_1,mmleads-2,12 Monthly Medicaid payments (based on ending date of service) Value displayed in dollars and cents,,,data/raw/assets/xlsx/44dbf84b2079bde113ba3342dc52d79adaaab07f.xlsx,https://www2.ccwdata.org/documents/10280/19022436/record-layout-mmleads-2006-2012.xlsx,3,mmleads-2__record-layout-mmleads-2006-2012_xlsx__44dbf84b20__s3__chunk_7,
mmleads-2__var__medicare-bene-pmt-01,MEDICARE_BENE_PMT_01,mmleads-2,12 Monthly Medicare coinsurance and deductible payments (based on claim through date) Value displayed in dollars and cents,,,data/raw/assets/xlsx/44dbf84b2079bde113ba3342dc52d79adaaab07f.xlsx,https://www2.ccwdata.org/documents/10280/19022436/record-layout-mmleads-2006-2012.xlsx,4,mmleads-2__record-layout-mmleads-2006-2012_xlsx__44dbf84b20__s4__chunk_3,
mmleads-2__var__medicare-clm-cnt-01,MEDICARE_CLM_CNT_01,mmleads-2,12 Monthly Medicare FFS claim count XXX,,,data/raw/assets/xlsx/44dbf84b2079bde113ba3342dc52d79adaaab07f.xlsx,https://www2.ccwdata.org/documents/10280/19022436/record-layout-mmleads-2006-2012.xlsx,4,mmleads-2__record-layout-mmleads-2006-2012_xlsx__44dbf84b20__s4__chunk_10,
mmleads-2__var__medicare-cov-day-cnt-01,MEDICARE_COV_DAY_CNT_01,mmleads-2,12 Monthly Medicare covered days * XXX,,,data/raw/assets/xlsx/44dbf84b2079bde113ba3342dc52d79adaaab07f.xlsx,https://www2.ccwdata.org/documents/10280/19022436/record-layout-mmleads-2006-2012.xlsx,4,mmleads-2__record-layout-mmleads-2006-2012_xlsx__44dbf84b20__s4__chunk_10,
mmleads-2__var__medicare-day-cnt-01,MEDICARE_DAY_CNT_01,mmleads-2,12 Monthly Medicare days (covered and non-covered)* XXX,,,data/raw/assets/xlsx/44dbf84b2079bde113ba3342dc52d79adaaab07f.xlsx,https://www2.ccwdata.org/documents/10280/19022436/record-layout-mmleads-2006-2012.xlsx,4,mmleads-2__record-layout-mmleads-2006-2012_xlsx__44dbf84b20__s4__chunk_10,
mmleads-2__var__medicare-pmt-01,MEDICARE_PMT_01,mmleads-2,"12 Monthly Medicare payments (For Part D, it's the cvrd_d_plan_pd_amt ; also includes Medicare Advantage premiums), (based on claim through date) Value displayed in dollars and cents",,,data/raw/assets/xlsx/44dbf84b2079bde113ba3342dc52d79adaaab07f.xlsx,https://www2.ccwdata.org/documents/10280/19022436/record-layout-mmleads-2006-2012.xlsx,4,mmleads-2__record-layout-mmleads-2006-2012_xlsx__44dbf84b20__s4__chunk_3,
mmleads-2__var__state-cd,STATE_CD,mmleads-2,unique person identifier,,,data/raw/assets/xlsx/44dbf84b2079bde113ba3342dc52d79adaaab07f.xlsx,https://www2.ccwdata.org/documents/10280/19022436/record-layout-mmleads-2006-2012.xlsx,1,mmleads-2__record-layout-mmleads-2006-2012_xlsx__44dbf84b20__s1__chunk_0,
mmleads-2__var__st-pmt-1,ST_PMT_1,mmleads-2,12 Monthly State share of all Medicaid payments (based on ending date of service) Value displayed in dollars and cents,,,data/raw/assets/xlsx/44dbf84b2079bde113ba3342dc52d79adaaab07f.xlsx,https://www2.ccwdata.org/documents/10280/19022436/record-layout-mmleads-2006-2012.xlsx,3,mmleads-2__record-layout-mmleads-2006-2012_xlsx__44dbf84b20__s3__chunk_7,
mmleads-3__var__bene-id,BENE_ID,mmleads-3,specific to the CCW and is not applicable to any other identification system or data,,,data/raw/assets/pdf/536286800bad660e7af16072eb5a63475d8835f9.pdf,https://www2.ccwdata.org/documents/10280/19022436/codebook-mmleads.pdf,14,mmleads-3__codebook-mmleads_pdf__536286800b__p14__chunk_1,
mmleads-3__var__buy-in,BUY_IN,mmleads-3,'0' 'NA'),,,data/raw/assets/pdf/536286800bad660e7af16072eb5a63475d8835f9.pdf,https://www2.ccwdata.org/documents/10280/19022436/codebook-mmleads.pdf,129,mmleads-3__codebook-mmleads_pdf__536286800b__p129__chunk_1,
mmleads-3__var__care-lvl-stus-cd-mm,CARE_LVL_STUS_CD_MM,mmleads-3,'004' (Intermediate care facility for individuals with intellectual,,,data/raw/assets/pdf/536286800bad660e7af16072eb5a63475d8835f9.pdf,https://www2.ccwdata.org/documents/10280/19022436/codebook-mmleads.pdf,37,mmleads-3__codebook-mmleads_pdf__536286800b__p37__chunk_2,
mmleads-3__var__chip-cd,CHIP_CD,mmleads-3,'.' and ELIGBLTY_GRP_CD = '.' and the MBSF MDCR BUY_IN = '0' 'NA'),,,data/raw/assets/pdf/536286800bad660e7af16072eb5a63475d8835f9.pdf,https://www2.ccwdata.org/documents/10280/19022436/codebook-mmleads.pdf,129,mmleads-3__codebook-mmleads_pdf__536286800b__p129__chunk_1,
mmleads-3__var__dual-stus-cd-mm,DUAL_STUS_CD_MM,mmleads-3,'00' '09' 'N/A' 'NA' '99' and MDCR_BUY_IN in ('1' '2' '3' 'A' 'B' 'C') then,,,data/raw/assets/pdf/536286800bad660e7af16072eb5a63475d8835f9.pdf,https://www2.ccwdata.org/documents/10280/19022436/codebook-mmleads.pdf,129,mmleads-3__codebook-mmleads_pdf__536286800b__p129__chunk_0,
mmleads-3__var__eligblty-grp-cd,ELIGBLTY_GRP_CD,mmleads-3,'.' and the MBSF MDCR BUY_IN = '0' 'NA'),,,data/raw/assets/pdf/536286800bad660e7af16072eb5a63475d8835f9.pdf,https://www2.ccwdata.org/documents/10280/19022436/codebook-mmleads.pdf,129,mmleads-3__codebook-mmleads_pdf__536286800b__p129__chunk_1,
mmleads-3__var__ltss-lvl-cd-1-mm,LTSS_LVL_CD_1_MM,mmleads-3,'3' (custodial care). Note that the LTSS level source variable from DE,,,data/raw/assets/pdf/536286800bad660e7af16072eb5a63475d8835f9.pdf,https://www2.ccwdata.org/documents/10280/19022436/codebook-mmleads.pdf,24,mmleads-3__codebook-mmleads_pdf__536286800b__p24__chunk_1,
mmleads-3__var__mc-plan-type-cd-mm,MC_PLAN_TYPE_CD_MM,mmleads-3,('01' '04'),,,data/raw/assets/pdf/536286800bad660e7af16072eb5a63475d8835f9.pdf,https://www2.ccwdata.org/documents/10280/19022436/codebook-mmleads.pdf,48,mmleads-3__codebook-mmleads_pdf__536286800b__p48__chunk_1,
mmleads-3__var__mdcd-abd-mm,MDCD_ABD_MM,mmleads-3,1),,,data/raw/assets/pdf/536286800bad660e7af16072eb5a63475d8835f9.pdf,https://www2.ccwdata.org/documents/10280/19022436/codebook-mmleads.pdf,19,mmleads-3__codebook-mmleads_pdf__536286800b__p19__chunk_1,
mmleads-3__var__mdcd-ffs-medical-mm,MDCD_FFS_MEDICAL_MM,mmleads-3,1),,,data/raw/assets/pdf/536286800bad660e7af16072eb5a63475d8835f9.pdf,https://www2.ccwdata.org/documents/10280/19022436/codebook-mmleads.pdf,33,mmleads-3__codebook-mmleads_pdf__536286800b__p33__chunk_1,
mmleads-3__var__mdcd-ffs-medical-mos,MDCD_FFS_MEDICAL_MOS,mmleads-3,equal to the total months of,,,data/raw/assets/pdf/536286800bad660e7af16072eb5a63475d8835f9.pdf,https://www2.ccwdata.org/documents/10280/19022436/codebook-mmleads.pdf,48,mmleads-3__codebook-mmleads_pdf__536286800b__p48__chunk_2,
mmleads-3__var__mdcr-ffs-medical-mm,MDCR_FFS_MEDICAL_MM,mmleads-3,'1'),,,data/raw/assets/pdf/536286800bad660e7af16072eb5a63475d8835f9.pdf,https://www2.ccwdata.org/documents/10280/19022436/codebook-mmleads.pdf,93,mmleads-3__codebook-mmleads_pdf__536286800b__p93__chunk_1,
mmleads-3__var__mme-type-cd,MME_TYPE_CD,mmleads-3,1) — the T-MSIS DE File ELIGBLTY_GRP_CD_MM IN,,,data/raw/assets/pdf/536286800bad660e7af16072eb5a63475d8835f9.pdf,https://www2.ccwdata.org/documents/10280/19022436/codebook-mmleads.pdf,127,mmleads-3__codebook-mmleads_pdf__536286800b__p127__chunk_3,
mmleads-3__var__mme-type-cd-mm,MME_TYPE_CD_MM,mmleads-3,1 (Medicaid only,,,data/raw/assets/pdf/536286800bad660e7af16072eb5a63475d8835f9.pdf,https://www2.ccwdata.org/documents/10280/19022436/codebook-mmleads.pdf,51,mmleads-3__codebook-mmleads_pdf__536286800b__p51__chunk_1,
mmleads-3__var__ptc-plan-tpe-cd-mm,PTC_PLAN_TPE_CD_MM,mmleads-3,'20'),,,data/raw/assets/pdf/536286800bad660e7af16072eb5a63475d8835f9.pdf,https://www2.ccwdata.org/documents/10280/19022436/codebook-mmleads.pdf,101,mmleads-3__codebook-mmleads_pdf__536286800b__p101__chunk_2,
mmleads-3__var__snp-type,SNP_TYPE,mmleads-3,I). Institutional Special Needs Plans (I-SNPs) are,,,data/raw/assets/pdf/536286800bad660e7af16072eb5a63475d8835f9.pdf,https://www2.ccwdata.org/documents/10280/19022436/codebook-mmleads.pdf,97,mmleads-3__codebook-mmleads_pdf__536286800b__p97__chunk_1,
ocm-current-clinical-status__var__bene-id,BENE_ID,ocm-current-clinical-status,specific to the CCW and is not applicable to any other identification system or data,,,data/raw/assets/pdf/687e14bf310457071225d4833378b7f8cecd7290.pdf,https://www2.ccwdata.org/documents/10280/19022436/codebook-ocm.pdf,6,ocm-current-clinical-status__codebook-ocm_pdf__687e14bf31__p6__chunk_1,
ocm-current-clinical-status__var__rptd-to-rgstry,RPTD_TO_RGSTRY,ocm-current-clinical-status,1 but whose reported values were determined to be invalid for one of the,,,data/raw/assets/pdf/687e14bf310457071225d4833378b7f8cecd7290.pdf,https://www2.ccwdata.org/documents/10280/19022436/codebook-ocm.pdf,30,ocm-current-clinical-status__codebook-ocm_pdf__687e14bf31__p30__chunk_3,
part-d-mtm__var__bene-id,BENE_ID,part-d-mtm,specific to the CCW and is not applicable to any other identification system or data,,,data/raw/assets/pdf/731de851b0e4f3aad282ff11affe4583677d01cf.pdf,https://www2.ccwdata.org/documents/10280/19022436/codebook-ptd-mtm.pdf,5,part-d-mtm__codebook-ptd-mtm_pdf__731de851b0__p5__chunk_2,
part-d-mtm__var__cmr-received,CMR_RECEIVED,part-d-mtm,"""Y"" (YES). For 2013–2015, there are fields",,2013|2015,data/raw/assets/pdf/731de851b0e4f3aad282ff11affe4583677d01cf.pdf,https://www2.ccwdata.org/documents/10280/19022436/codebook-ptd-mtm.pdf,11,part-d-mtm__codebook-ptd-mtm_pdf__731de851b0__p11__chunk_1,
part-d-mtm__var__cmr-received-num,CMR_RECEIVED_NUM,part-d-mtm,"greater than 1. For 2013–2015,",,2013|2015,data/raw/assets/pdf/731de851b0e4f3aad282ff11affe4583677d01cf.pdf,https://www2.ccwdata.org/documents/10280/19022436/codebook-ptd-mtm.pdf,12,part-d-mtm__codebook-ptd-mtm_pdf__731de851b0__p12__chunk_1,
part-d-plan-election-type-beneficiary-summary__var__bene-id,BENE_ID,part-d-plan-election-type-beneficiary-summary,specific to the CCW and is not applicable to any other identification system or data,,,data/raw/assets/pdf/d89f73f9524b703a2cac0a3ae5eee514c245464b.pdf,https://www2.ccwdata.org/documents/10280/19022436/codebook-ptd-plan-election-type-beneficiary-summary-file.pdf,9,part-d-plan-election-type-beneficiary-summary__codebook-ptd-plan-election-type-beneficiary-summary-file_pdf__d89f73f952__p9__chunk_1,
pde__var__bene-id,BENE_ID,pde,specific to the CCW and is not applicable to any other identification system or data,,,data/raw/assets/pdf/c8d3789e9b9a3e36ec93e4d39d180a1ab4ef52ce.pdf,https://www2.ccwdata.org/documents/10280/19022436/codebook-pde.pdf,7,pde__codebook-pde_pdf__c8d3789e9b__p7__chunk_1,
pde__var__ccw-pharm-id,CCW_PHARM_ID,pde,"used to identify the pharmacy. Beginning with 2014 PDE, the NCPDP_ID is used",,2006|2013|2014,data/raw/assets/xlsx/10e3b41cc377b7165469269d45f85ae89f9baed4.xlsx,https://www2.ccwdata.org/documents/10280/19022436/record-layout-pde.xlsx,1,pde__record-layout-pde_xlsx__10e3b41cc3__s1__chunk_18,
pde__var__ccw-prscrbr-id,CCW_PRSCRBR_ID,pde,used to identify the prescriber. Beginning with 2014 PDE the actual prescriber identifier and the associated qualifier code,,2006|2013|2014,data/raw/assets/xlsx/10e3b41cc377b7165469269d45f85ae89f9baed4.xlsx,https://www2.ccwdata.org/documents/10280/19022436/record-layout-pde.xlsx,1,pde__record-layout-pde_xlsx__10e3b41cc3__s1__chunk_18,
pde__var__ltpac-dspnsng-freq-cd,LTPAC_DSPNSNG_FREQ_CD,pde,used to identify long-term and,,2025,data/raw/assets/pdf/c8d3789e9b9a3e36ec93e4d39d180a1ab4ef52ce.pdf,https://www2.ccwdata.org/documents/10280/19022436/codebook-pde.pdf,71,pde__codebook-pde_pdf__c8d3789e9b__p71__chunk_4,
pde__var__ncpdp-id,NCPDP_ID,pde,used in place of the CCW_PHARM_ID. Researchers who,,2014,data/raw/assets/pdf/c8d3789e9b9a3e36ec93e4d39d180a1ab4ef52ce.pdf,https://www2.ccwdata.org/documents/10280/19022436/codebook-pde.pdf,12,pde__codebook-pde_pdf__c8d3789e9b__p12__chunk_2,
pde__var__submsn-clrfctn-cd-2,SUBMSN_CLRFCTN_CD_2,pde,SUBMSN_CLRFCTN_CD_5). PDE,,,data/raw/assets/pdf/c8d3789e9b9a3e36ec93e4d39d180a1ab4ef52ce.pdf,https://www2.ccwdata.org/documents/10280/19022436/codebook-pde.pdf,69,pde__codebook-pde_pdf__c8d3789e9b__p69__chunk_4,
pde__var__tier-id,TIER_ID,pde,assigned a value of '1'),,,data/raw/assets/pdf/c8d3789e9b9a3e36ec93e4d39d180a1ab4ef52ce.pdf,https://www2.ccwdata.org/documents/10280/19022436/codebook-pde.pdf,73,pde__codebook-pde_pdf__c8d3789e9b__p73__chunk_2,
pioneer-aco__var__bene-id,BENE_ID,pioneer-aco,specific to the CCW and is not applicable to any other identification system or data,,,data/raw/assets/pdf/e9794fb02d175a1909be3f0dea52965ad4524cdd.pdf,https://www2.ccwdata.org/documents/10280/19022436/codebook-aco-pioneer-v2.pdf,7,pioneer-aco__codebook-aco-pioneer-v2_pdf__e9794fb02d__p7__chunk_1,
plan-characteristics__var__below-benchmark,BELOW_BENCHMARK,plan-characteristics,Whether Part D Plan Offered Basic Plan with Premium Below Benchmark CHAR 1 X X,,,data/raw/assets/xlsx/fb2d5917eb403209d1bb6382dce2e9ae79a43582.xlsx,https://www2.ccwdata.org/documents/10280/19022436/record-layout-plan-char.xlsx,2,plan-characteristics__record-layout-plan-char_xlsx__fb2d5917eb__s2__chunk_3,
plan-characteristics__var__excluded-drugs,EXCLUDED_DRUGS,plan-characteristics,Whether Part D Plan Covers Excluded Drugs CHAR 1 X X X,,,data/raw/assets/xlsx/fb2d5917eb403209d1bb6382dce2e9ae79a43582.xlsx,https://www2.ccwdata.org/documents/10280/19022436/record-layout-plan-char.xlsx,1,plan-characteristics__record-layout-plan-char_xlsx__fb2d5917eb__s1__chunk_6,
plan-characteristics__var__excluded-tier-gap,EXCLUDED_TIER_GAP,plan-characteristics,Whether Excluded Drugs are Covered on this Tier in the Gap Phase CHAR 1 X X,,,data/raw/assets/xlsx/fb2d5917eb403209d1bb6382dce2e9ae79a43582.xlsx,https://www2.ccwdata.org/documents/10280/19022436/record-layout-plan-char.xlsx,3,plan-characteristics__record-layout-plan-char_xlsx__fb2d5917eb__s3__chunk_1,
plan-characteristics__var__excluded-tier-pre-icl,EXCLUDED_TIER_PRE_ICL,plan-characteristics,Whether Excluded Drugs are Covered on this Tier in the Pre ICL Phase CHAR 1 X X,,,data/raw/assets/xlsx/fb2d5917eb403209d1bb6382dce2e9ae79a43582.xlsx,https://www2.ccwdata.org/documents/10280/19022436/record-layout-plan-char.xlsx,3,plan-characteristics__record-layout-plan-char_xlsx__fb2d5917eb__s3__chunk_1,
plan-characteristics__var__free-first-fill,FREE_FIRST_FILL,plan-characteristics,Whether Part D Plan Offers Free First Prescription Fill CHAR 1 X X X,,,data/raw/assets/xlsx/fb2d5917eb403209d1bb6382dce2e9ae79a43582.xlsx,https://www2.ccwdata.org/documents/10280/19022436/record-layout-plan-char.xlsx,1,plan-characteristics__record-layout-plan-char_xlsx__fb2d5917eb__s1__chunk_4,
plan-characteristics__var__gap-drug-type-tier-01,GAP_DRUG_TYPE_TIER_01,plan-characteristics,GAP_DRUG_TYPE_TIER_09,,,data/raw/assets/pdf/7bfed28cbc6d638a0319dd5eddbf46ee872d129f.pdf,https://www2.ccwdata.org/documents/10280/19022436/codebook-ptd-plan-char-2007-2014.pdf,92,plan-characteristics__codebook-ptd-plan-char-2007-2014_pdf__7bfed28cbc__p92__chunk_3,
plan-characteristics__var__gap-inp-1m-coins-tier-01,GAP_INP_1M_COINS_TIER_01,plan-characteristics,GAP_INP_1M_COINS_TIER_09),,,data/raw/assets/pdf/7bfed28cbc6d638a0319dd5eddbf46ee872d129f.pdf,https://www2.ccwdata.org/documents/10280/19022436/codebook-ptd-plan-char-2007-2014.pdf,128,plan-characteristics__codebook-ptd-plan-char-2007-2014_pdf__7bfed28cbc__p128__chunk_2,
plan-characteristics__var__gap-inp-1m-copay-tier-01,GAP_INP_1M_COPAY_TIER_01,plan-characteristics,GAP_INP_1M_COPAY_TIER_09),,,data/raw/assets/pdf/7bfed28cbc6d638a0319dd5eddbf46ee872d129f.pdf,https://www2.ccwdata.org/documents/10280/19022436/codebook-ptd-plan-char-2007-2014.pdf,133,plan-characteristics__codebook-ptd-plan-char-2007-2014_pdf__7bfed28cbc__p133__chunk_2,
plan-characteristics__var__gap-partial-tier-01,GAP_PARTIAL_TIER_01,plan-characteristics,GAP_PARTIAL_TIER_07,,,data/raw/assets/pdf/7bfed28cbc6d638a0319dd5eddbf46ee872d129f.pdf,https://www2.ccwdata.org/documents/10280/19022436/codebook-ptd-plan-char-2007-2014.pdf,194,plan-characteristics__codebook-ptd-plan-char-2007-2014_pdf__7bfed28cbc__p194__chunk_2,
plan-characteristics__var__gap-partial-type-tier-01,GAP_PARTIAL_TYPE_TIER_01,plan-characteristics,GAP_PARTIAL_TYPE_TIER_07),,,data/raw/assets/pdf/7bfed28cbc6d638a0319dd5eddbf46ee872d129f.pdf,https://www2.ccwdata.org/documents/10280/19022436/codebook-ptd-plan-char-2007-2014.pdf,218,plan-characteristics__codebook-ptd-plan-char-2007-2014_pdf__7bfed28cbc__p218__chunk_3,
plan-characteristics__var__gap-tier,GAP_TIER,plan-characteristics,"Y [yes]), this variable indicates whether the cost sharing applies to a partial list of drugs. If",,,data/raw/assets/pdf/77e437e4fbf75223d4afb45fb37a8a975a86839b.pdf,https://www2.ccwdata.org/documents/10280/19022436/codebook-plan-char.pdf,157,plan-characteristics__codebook-plan-char_pdf__77e437e4fb__p157__chunk_0,
plan-characteristics__var__gap-tier-01,GAP_TIER_01,plan-characteristics,GAP_TIER_07,,,data/raw/assets/pdf/7bfed28cbc6d638a0319dd5eddbf46ee872d129f.pdf,https://www2.ccwdata.org/documents/10280/19022436/codebook-ptd-plan-char-2007-2014.pdf,209,plan-characteristics__codebook-ptd-plan-char-2007-2014_pdf__7bfed28cbc__p209__chunk_1,
plan-characteristics__var__gap-tier-partial,GAP_TIER_PARTIAL,plan-characteristics,Whether Tier is Partially Covered in the Gap Phase CHAR 1 X X,,,data/raw/assets/xlsx/fb2d5917eb403209d1bb6382dce2e9ae79a43582.xlsx,https://www2.ccwdata.org/documents/10280/19022436/record-layout-plan-char.xlsx,3,plan-characteristics__record-layout-plan-char_xlsx__fb2d5917eb__s3__chunk_0,
plan-characteristics__var__increased-icl,INCREASED_ICL,plan-characteristics,Whether Part D Plan Offers Increased Initial Coverage Limit (ICL) Amount CHAR 1 X X X,,,data/raw/assets/xlsx/fb2d5917eb403209d1bb6382dce2e9ae79a43582.xlsx,https://www2.ccwdata.org/documents/10280/19022436/record-layout-plan-char.xlsx,1,plan-characteristics__record-layout-plan-char_xlsx__fb2d5917eb__s1__chunk_7,
plan-characteristics__var__pre-icl-drug-type-tier-01,PRE_ICL_DRUG_TYPE_TIER_01,plan-characteristics,PRE_ICL_DRUG_TYPE_TIER_09,,,data/raw/assets/pdf/7bfed28cbc6d638a0319dd5eddbf46ee872d129f.pdf,https://www2.ccwdata.org/documents/10280/19022436/codebook-ptd-plan-char-2007-2014.pdf,307,plan-characteristics__codebook-ptd-plan-char-2007-2014_pdf__7bfed28cbc__p307__chunk_3,
plan-characteristics__var__pre-icl-inpp-1m-coins-tier-01,PRE_ICL_INPP_1M_COINS_TIER_01,plan-characteristics,PRE_ICL_INPP_1M_COINS_TIER_08),,,data/raw/assets/pdf/7bfed28cbc6d638a0319dd5eddbf46ee872d129f.pdf,https://www2.ccwdata.org/documents/10280/19022436/codebook-ptd-plan-char-2007-2014.pdf,365,plan-characteristics__codebook-ptd-plan-char-2007-2014_pdf__7bfed28cbc__p365__chunk_2,
plan-characteristics__var__pre-icl-inpp-1m-copay-tier-01,PRE_ICL_INPP_1M_COPAY_TIER_01,plan-characteristics,PRE_ICL_INPP_1M_COPAY_TIER_08),,,data/raw/assets/pdf/7bfed28cbc6d638a0319dd5eddbf46ee872d129f.pdf,https://www2.ccwdata.org/documents/10280/19022436/codebook-ptd-plan-char-2007-2014.pdf,370,plan-characteristics__codebook-ptd-plan-char-2007-2014_pdf__7bfed28cbc__p370__chunk_2,
plan-characteristics__var__pre-icl-inp-1m-coins-tier-01,PRE_ICL_INP_1M_COINS_TIER_01,plan-characteristics,PRE_ICL_INP_1M_COINS_TIER_09),,,data/raw/assets/pdf/7bfed28cbc6d638a0319dd5eddbf46ee872d129f.pdf,https://www2.ccwdata.org/documents/10280/19022436/codebook-ptd-plan-char-2007-2014.pdf,355,plan-characteristics__codebook-ptd-plan-char-2007-2014_pdf__7bfed28cbc__p355__chunk_2,
plan-characteristics__var__pre-icl-inp-1m-copay-tier-01,PRE_ICL_INP_1M_COPAY_TIER_01,plan-characteristics,PRE_ICL_INP_1M_COPAY_TIER_09),,,data/raw/assets/pdf/7bfed28cbc6d638a0319dd5eddbf46ee872d129f.pdf,https://www2.ccwdata.org/documents/10280/19022436/codebook-ptd-plan-char-2007-2014.pdf,360,plan-characteristics__codebook-ptd-plan-char-2007-2014_pdf__7bfed28cbc__p360__chunk_2,
plan-characteristics__var__ptcd-indicator,PTCD_INDICATOR,plan-characteristics,"Whether the Current Year Plan is Part C, Part D or Both CHAR 1 X X X",,,data/raw/assets/xlsx/fb2d5917eb403209d1bb6382dce2e9ae79a43582.xlsx,https://www2.ccwdata.org/documents/10280/19022436/record-layout-plan-char.xlsx,1,plan-characteristics__record-layout-plan-char_xlsx__fb2d5917eb__s1__chunk_0,
plan-characteristics__var__ptcd-indicator-15,PTCD_INDICATOR_15,plan-characteristics,"Whether the Current Year Plan is Part C, Part D or Both CHAR 1 X",,,data/raw/assets/xlsx/fb2d5917eb403209d1bb6382dce2e9ae79a43582.xlsx,https://www2.ccwdata.org/documents/10280/19022436/record-layout-plan-char.xlsx,5,plan-characteristics__record-layout-plan-char_xlsx__fb2d5917eb__s5__chunk_0,
plan-characteristics__var__ptcd-indicator-16,PTCD_INDICATOR_16,plan-characteristics,"Whether the Current Year Plan is Part C, Part D or Both CHAR 1 - X",,,data/raw/assets/xlsx/fb2d5917eb403209d1bb6382dce2e9ae79a43582.xlsx,https://www2.ccwdata.org/documents/10280/19022436/record-layout-plan-char.xlsx,5,plan-characteristics__record-layout-plan-char_xlsx__fb2d5917eb__s5__chunk_2,
plan-characteristics__var__ptcd-indicator-17,PTCD_INDICATOR_17,plan-characteristics,"Whether the Current Year Plan is Part C, Part D or Both CHAR 1 - - X",,,data/raw/assets/xlsx/fb2d5917eb403209d1bb6382dce2e9ae79a43582.xlsx,https://www2.ccwdata.org/documents/10280/19022436/record-layout-plan-char.xlsx,5,plan-characteristics__record-layout-plan-char_xlsx__fb2d5917eb__s5__chunk_3,
plan-characteristics__var__ptcd-indicator-18,PTCD_INDICATOR_18,plan-characteristics,"Whether the Current Year Plan is Part C, Part D or Both CHAR 1 - - - X",,,data/raw/assets/xlsx/fb2d5917eb403209d1bb6382dce2e9ae79a43582.xlsx,https://www2.ccwdata.org/documents/10280/19022436/record-layout-plan-char.xlsx,5,plan-characteristics__record-layout-plan-char_xlsx__fb2d5917eb__s5__chunk_4,
plan-characteristics__var__ptcd-indicator-19,PTCD_INDICATOR_19,plan-characteristics,"Whether the Current Year Plan is Part C, Part D or Both CHAR 1 - - - - X",,,data/raw/assets/xlsx/fb2d5917eb403209d1bb6382dce2e9ae79a43582.xlsx,https://www2.ccwdata.org/documents/10280/19022436/record-layout-plan-char.xlsx,5,plan-characteristics__record-layout-plan-char_xlsx__fb2d5917eb__s5__chunk_5,
plan-characteristics__var__ptcd-indicator-20,PTCD_INDICATOR_20,plan-characteristics,"Whether the Current Year Plan is Part C, Part D or Both CHAR 1 - - - - - X",,,data/raw/assets/xlsx/fb2d5917eb403209d1bb6382dce2e9ae79a43582.xlsx,https://www2.ccwdata.org/documents/10280/19022436/record-layout-plan-char.xlsx,5,plan-characteristics__record-layout-plan-char_xlsx__fb2d5917eb__s5__chunk_6,
plan-characteristics__var__ptcd-indicator-21,PTCD_INDICATOR_21,plan-characteristics,"Whether the Current Year Plan is Part C, Part D or Both CHAR 1 - - - - - - X",,,data/raw/assets/xlsx/fb2d5917eb403209d1bb6382dce2e9ae79a43582.xlsx,https://www2.ccwdata.org/documents/10280/19022436/record-layout-plan-char.xlsx,5,plan-characteristics__record-layout-plan-char_xlsx__fb2d5917eb__s5__chunk_7,
plan-characteristics__var__ptcd-indicator-22,PTCD_INDICATOR_22,plan-characteristics,"Whether the Current Year Plan is Part C, Part D or Both CHAR 1 - - - - - - - X",,,data/raw/assets/xlsx/fb2d5917eb403209d1bb6382dce2e9ae79a43582.xlsx,https://www2.ccwdata.org/documents/10280/19022436/record-layout-plan-char.xlsx,5,plan-characteristics__record-layout-plan-char_xlsx__fb2d5917eb__s5__chunk_9,
plan-characteristics__var__ptcd-indicator-23,PTCD_INDICATOR_23,plan-characteristics,"Whether the Reference Year Plan is Part C, Part D or Both CHAR 1 - - - - - - - - X",,,data/raw/assets/xlsx/fb2d5917eb403209d1bb6382dce2e9ae79a43582.xlsx,https://www2.ccwdata.org/documents/10280/19022436/record-layout-plan-char.xlsx,5,plan-characteristics__record-layout-plan-char_xlsx__fb2d5917eb__s5__chunk_10,
plan-characteristics__var__ptcd-indicator-24,PTCD_INDICATOR_24,plan-characteristics,"Whether the Reference Year Plan is Part C, Part D or Both CHAR 1 - - - - - - - - - X",,,data/raw/assets/xlsx/fb2d5917eb403209d1bb6382dce2e9ae79a43582.xlsx,https://www2.ccwdata.org/documents/10280/19022436/record-layout-plan-char.xlsx,5,plan-characteristics__record-layout-plan-char_xlsx__fb2d5917eb__s5__chunk_11,
plan-characteristics__var__reduced-cost-share,REDUCED_COST_SHARE,plan-characteristics,Whether Part D Plan Offers Reduced Cost-Sharing CHAR 1 X X X,,,data/raw/assets/xlsx/fb2d5917eb403209d1bb6382dce2e9ae79a43582.xlsx,https://www2.ccwdata.org/documents/10280/19022436/record-layout-plan-char.xlsx,1,plan-characteristics__record-layout-plan-char_xlsx__fb2d5917eb__s1__chunk_6,
plan-characteristics__var__reduced-ded,REDUCED_DED,plan-characteristics,Whether Part D Plan Offers Reduced Deductible Amount CHAR 1 X X X,,,data/raw/assets/xlsx/fb2d5917eb403209d1bb6382dce2e9ae79a43582.xlsx,https://www2.ccwdata.org/documents/10280/19022436/record-layout-plan-char.xlsx,1,plan-characteristics__record-layout-plan-char_xlsx__fb2d5917eb__s1__chunk_6,
plan-characteristics__var__reduced-oopt-cs,REDUCED_OOPT_CS,plan-characteristics,Whether Part D Plan Offers Reduced Post Out-of-Pocket (OOP) Threshold Cost-Sharing Amounts CHAR 1 X X X,,,data/raw/assets/xlsx/fb2d5917eb403209d1bb6382dce2e9ae79a43582.xlsx,https://www2.ccwdata.org/documents/10280/19022436/record-layout-plan-char.xlsx,1,plan-characteristics__record-layout-plan-char_xlsx__fb2d5917eb__s1__chunk_7,
plan-characteristics__var__reduced-preicl-cs,REDUCED_PREICL_CS,plan-characteristics,Whether Part D Plan Offers Reduced Pre-ICL Cost-sharing CHAR 1 X X X,,,data/raw/assets/xlsx/fb2d5917eb403209d1bb6382dce2e9ae79a43582.xlsx,https://www2.ccwdata.org/documents/10280/19022436/record-layout-plan-char.xlsx,1,plan-characteristics__record-layout-plan-char_xlsx__fb2d5917eb__s1__chunk_6,
plan-characteristics__var__snp-percentage-type,SNP_PERCENTAGE_TYPE,plan-characteristics,not available after 2017,,2017,data/raw/assets/xlsx/fb2d5917eb403209d1bb6382dce2e9ae79a43582.xlsx,https://www2.ccwdata.org/documents/10280/19022436/record-layout-plan-char.xlsx,7,plan-characteristics__record-layout-plan-char_xlsx__fb2d5917eb__s7__chunk_3,
plan-characteristics__var__specialty-tier,SPECIALTY_TIER,plan-characteristics,Whether Tier is a Specialty Tier CHAR 1 X X,,,data/raw/assets/xlsx/fb2d5917eb403209d1bb6382dce2e9ae79a43582.xlsx,https://www2.ccwdata.org/documents/10280/19022436/record-layout-plan-char.xlsx,3,plan-characteristics__record-layout-plan-char_xlsx__fb2d5917eb__s3__chunk_1,
risk-score-mofs__var__mof-dgns-input-cd,MOF_DGNS_INPUT_CD,risk-score-mofs,PPMER and,,,data/raw/assets/pdf/d8c366dd0abbcfd26c61b8c4fd0774178fc9ab1b.pdf,https://www2.ccwdata.org/documents/10280/19002246/operational-payment-risk-score-user-guide.pdf,14,risk-score-mofs__operational-payment-risk-score-user-guide_pdf__d8c366dd0a__p14__chunk_2,
ssp-aco-beneficiary__var__bene-dual-stus-cd,BENE_DUAL_STUS_CD,ssp-aco-beneficiary,"01, 02, 04, or 08) for the 12 month period used for the preliminary assignment period; values from 0-12; will be missing if beneficiary not assigned in period (Prelim_assign = 0) NUM 2 The fiscal year prior to the reference year - i.e. 10/1/20yy- 9/30/20yy - - - x",,,data/raw/assets/xlsx/a18201ad9ebc7d0a8f9c06edfab22a7ee9a939ca.xlsx,https://www2.ccwdata.org/documents/10280/19022436/record-layout-aco-ssp-bene.xlsx,1,ssp-aco-beneficiary__record-layout-aco-ssp-bene_xlsx__a18201ad9e__s1__chunk_22,
ssp-aco-beneficiary__var__bene-id,BENE_ID,ssp-aco-beneficiary,specific to the CCW and is not applicable to any other identification system or data source. CHAR 15 x x x x x x x x x x x,,,data/raw/assets/xlsx/a18201ad9ebc7d0a8f9c06edfab22a7ee9a939ca.xlsx,https://www2.ccwdata.org/documents/10280/19022436/record-layout-aco-ssp-bene.xlsx,1,ssp-aco-beneficiary__record-layout-aco-ssp-bene_xlsx__a18201ad9e__s1__chunk_1,
taf-apl__var__ccw-apl-link-key,CCW_APL_LINK_KEY,taf-apl,each unique combination of submitting state entity code,,,data/raw/assets/pdf/5f77cf7c30acd114cc7f3b826ca63f6650c33876.pdf,https://www2.ccwdata.org/documents/10280/19022436/codebook-taf-annual-plan.pdf,88,taf-apl__codebook-taf-annual-plan_pdf__5f77cf7c30__p88__chunk_1,
taf-apl__var__mc-ent-acrdtn-achvmt-dt-1,MC_ENT_ACRDTN_ACHVMT_DT_1,taf-apl,the accreditation achievement start date associated with,,,data/raw/assets/pdf/5f77cf7c30acd114cc7f3b826ca63f6650c33876.pdf,https://www2.ccwdata.org/documents/10280/19022436/codebook-taf-annual-plan.pdf,16,taf-apl__codebook-taf-annual-plan_pdf__5f77cf7c30__p16__chunk_3,
taf-apl__var__mc-ent-acrdtn-achvmt-dt-2,MC_ENT_ACRDTN_ACHVMT_DT_2,taf-apl,the achievement start date,,,data/raw/assets/pdf/5f77cf7c30acd114cc7f3b826ca63f6650c33876.pdf,https://www2.ccwdata.org/documents/10280/19022436/codebook-taf-annual-plan.pdf,16,taf-apl__codebook-taf-annual-plan_pdf__5f77cf7c30__p16__chunk_3,
taf-apr__var__ccw-apr-link-key,CCW_APR_LINK_KEY,taf-apr,each unique combination of submitting state entity code,,,data/raw/assets/pdf/de0c89017c1d3e10d2c3fa782cf1871880f29b65.pdf,https://www2.ccwdata.org/documents/10280/19022436/codebook-taf-annual-provider.pdf,28,taf-apr__codebook-taf-annual-provider_pdf__de0c89017c__p28__chunk_1,
taf-apr__var__ownrshp-ctgry-cd,OWNRSHP_CTGRY_CD,taf-apr,set to,,,data/raw/assets/pdf/de0c89017c1d3e10d2c3fa782cf1871880f29b65.pdf,https://www2.ccwdata.org/documents/10280/19022436/codebook-taf-annual-provider.pdf,55,taf-apr__codebook-taf-annual-provider_pdf__de0c89017c__p55__chunk_1,
taf-apr__var__prvdr-age,PRVDR_AGE,taf-apr,"greater than 125, then PRVDR_AGE is set to 125",,,data/raw/assets/pdf/de0c89017c1d3e10d2c3fa782cf1871880f29b65.pdf,https://www2.ccwdata.org/documents/10280/19022436/codebook-taf-annual-provider.pdf,66,taf-apr__codebook-taf-annual-provider_pdf__de0c89017c__p66__chunk_1,
taf-apr__var__prvdr-clsfctn-cd,PRVDR_CLSFCTN_CD,taf-apr,derived from NPPES,,,data/raw/assets/pdf/de0c89017c1d3e10d2c3fa782cf1871880f29b65.pdf,https://www2.ccwdata.org/documents/10280/19022436/codebook-taf-annual-provider.pdf,82,taf-apr__codebook-taf-annual-provider_pdf__de0c89017c__p82__chunk_1,
taf-apr__var__prvdr-clsfctn-sys,PRVDR_CLSFCTN_SYS,taf-apr,"‘4’ and provider authorized category of service value is '014', '050'",,,data/raw/assets/pdf/de0c89017c1d3e10d2c3fa782cf1871880f29b65.pdf,https://www2.ccwdata.org/documents/10280/19022436/codebook-taf-annual-provider.pdf,153,taf-apr__codebook-taf-annual-provider_pdf__de0c89017c__p153__chunk_3,
taf-apr__var__prvdr-enrlmt-end-dt,PRVDR_ENRLMT_END_DT,taf-apr,"NULL,",,,data/raw/assets/pdf/de0c89017c1d3e10d2c3fa782cf1871880f29b65.pdf,https://www2.ccwdata.org/documents/10280/19022436/codebook-taf-annual-provider.pdf,88,taf-apr__codebook-taf-annual-provider_pdf__de0c89017c__p88__chunk_1,
taf-apr__var__prvdr-enrolmt-start-dt,PRVDR_ENROLMT_START_DT,taf-apr,"not NULL and PRVDR_ENRLMT_END_DT is NULL,",,,data/raw/assets/pdf/de0c89017c1d3e10d2c3fa782cf1871880f29b65.pdf,https://www2.ccwdata.org/documents/10280/19022436/codebook-taf-annual-provider.pdf,88,taf-apr__codebook-taf-annual-provider_pdf__de0c89017c__p88__chunk_1,
taf-apr__var__prvdr-num,PRVDR_NUM,taf-apr,called PRVDR_NUM_ISSG_ENT_ID,,,data/raw/assets/pdf/de0c89017c1d3e10d2c3fa782cf1871880f29b65.pdf,https://www2.ccwdata.org/documents/10280/19022436/codebook-taf-annual-provider.pdf,119,taf-apr__codebook-taf-annual-provider_pdf__de0c89017c__p119__chunk_1,
taf-apr__var__submtg-state-prvdr-id,SUBMTG_STATE_PRVDR_ID,taf-apr,"assigned to an individual, a group of",,,data/raw/assets/pdf/de0c89017c1d3e10d2c3fa782cf1871880f29b65.pdf,https://www2.ccwdata.org/documents/10280/19022436/codebook-taf-annual-provider.pdf,98,taf-apr__codebook-taf-annual-provider_pdf__de0c89017c__p98__chunk_0,
taf-de__var__age-grp-cd,AGE_GRP_CD,taf-de,1) in cases where a fetus is covered,,,data/raw/assets/pdf/7a48be3f0d3c4224b3129bd4e6af2eec1975b637.pdf,https://www2.ccwdata.org/documents/10280/19022436/codebook-taf-demographic-eligibility.pdf,45,taf-de__codebook-taf-demographic-eligibility_pdf__7a48be3f0d__p45__chunk_1,
taf-de__var__age-num,AGE_NUM,taf-de,"greater than 125, then AGE_NUM is set equal to 125. An age less",,,data/raw/assets/pdf/7a48be3f0d3c4224b3129bd4e6af2eec1975b637.pdf,https://www2.ccwdata.org/documents/10280/19022436/codebook-taf-demographic-eligibility.pdf,44,taf-de__codebook-taf-demographic-eligibility_pdf__7a48be3f0d__p44__chunk_1,
taf-de__var__bene-id,BENE_ID,taf-de,specific to the CCW and is not applicable to any other identification system or data,,,data/raw/assets/pdf/7a48be3f0d3c4224b3129bd4e6af2eec1975b637.pdf,https://www2.ccwdata.org/documents/10280/19022436/codebook-taf-demographic-eligibility.pdf,47,taf-de__codebook-taf-demographic-eligibility_pdf__7a48be3f0d__p47__chunk_1,
taf-de__var__elgblty-chg-rsn-cd-01,ELGBLTY_CHG_RSN_CD_01,taf-de,ELGBLTY_CHG_RSN_CD_12,,,data/raw/assets/pdf/7a48be3f0d3c4224b3129bd4e6af2eec1975b637.pdf,https://www2.ccwdata.org/documents/10280/19022436/codebook-taf-demographic-eligibility.pdf,2,taf-de__codebook-taf-demographic-eligibility_pdf__7a48be3f0d__p2__chunk_2,
taf-de__var__wvr-id-05-mm,WVR_ID_05_MM,taf-de,the monthly variable string for the fifth,,,data/raw/assets/pdf/7a48be3f0d3c4224b3129bd4e6af2eec1975b637.pdf,https://www2.ccwdata.org/documents/10280/19022436/codebook-taf-demographic-eligibility.pdf,334,taf-de__codebook-taf-demographic-eligibility_pdf__7a48be3f0d__p334__chunk_0,
taf-de__var__wvr-type-cd-05-mm,WVR_TYPE_CD_05_MM,taf-de,the monthly,,,data/raw/assets/pdf/7a48be3f0d3c4224b3129bd4e6af2eec1975b637.pdf,https://www2.ccwdata.org/documents/10280/19022436/codebook-taf-demographic-eligibility.pdf,354,taf-de__codebook-taf-demographic-eligibility_pdf__7a48be3f0d__p354__chunk_5,
taf-ip__var__bene-id,BENE_ID,taf-ip,specific to the CCW and is not applicable to any other identification system or data,,,data/raw/assets/pdf/3a7e50ca3fea9874a59b75c2b53d874e249d4e08.pdf,https://www2.ccwdata.org/documents/10280/19022436/codebook-taf-claims.pdf,42,taf-ip__codebook-taf-claims_pdf__3a7e50ca3f__p42__chunk_1,
taf-ip__var__clm-id,CLM_ID,taf-ip,assigned by the CCW. The CLM_ID is specific to the CCW and is not applicable to any,,,data/raw/assets/pdf/3a7e50ca3fea9874a59b75c2b53d874e249d4e08.pdf,https://www2.ccwdata.org/documents/10280/19022436/codebook-taf-claims.pdf,68,taf-ip__codebook-taf-claims_pdf__3a7e50ca3f__p68__chunk_1,
taf-ip__var__clm-type-cd,CLM_TYPE_CD,taf-ip,"(5, E, Y) then the amount paid by the state or their fiscal agent to a provider of",,,data/raw/assets/pdf/3a7e50ca3fea9874a59b75c2b53d874e249d4e08.pdf,https://www2.ccwdata.org/documents/10280/19022436/codebook-taf-claims.pdf,155,taf-ip__codebook-taf-claims_pdf__3a7e50ca3f__p155__chunk_3,
taf-ip__var__dgns-cd-1,DGNS_CD_1,taf-ip,considered the primary diagnosis),,,data/raw/assets/pdf/3a7e50ca3fea9874a59b75c2b53d874e249d4e08.pdf,https://www2.ccwdata.org/documents/10280/19022436/codebook-taf-claims.pdf,97,taf-ip__codebook-taf-claims_pdf__3a7e50ca3f__p97__chunk_1,
taf-ip__var__drg-cd,DRG_CD,taf-ip,not always a CMS DRG. Refer to the DRG code system/nomenclature variable (called,,,data/raw/assets/pdf/3a7e50ca3fea9874a59b75c2b53d874e249d4e08.pdf,https://www2.ccwdata.org/documents/10280/19022436/codebook-taf-claims.pdf,106,taf-ip__codebook-taf-claims_pdf__3a7e50ca3f__p106__chunk_1,
taf-ip__var__prcdr-cd-sys-1,PRCDR_CD_SYS_1,taf-ip,the coding system/nomenclature used to identify the procedure. The principal,,,data/raw/assets/pdf/3a7e50ca3fea9874a59b75c2b53d874e249d4e08.pdf,https://www2.ccwdata.org/documents/10280/19022436/codebook-taf-claims.pdf,223,taf-ip__codebook-taf-claims_pdf__3a7e50ca3f__p223__chunk_1,
taf-ip__var__prsn-clm-ind,PRSN_CLM_IND,taf-ip,0,,,data/raw/assets/pdf/3a7e50ca3fea9874a59b75c2b53d874e249d4e08.pdf,https://www2.ccwdata.org/documents/10280/19022436/codebook-taf-claims.pdf,233,taf-ip__codebook-taf-claims_pdf__3a7e50ca3f__p233__chunk_2,
taf-ip__var__pymt-lvl-ind,PYMT_LVL_IND,taf-ip,"""3""), then the line-level paid amount (LINE_MDCD_PD_AMT) would be blank and",,,data/raw/assets/pdf/3a7e50ca3fea9874a59b75c2b53d874e249d4e08.pdf,https://www2.ccwdata.org/documents/10280/19022436/codebook-taf-claims.pdf,237,taf-ip__codebook-taf-claims_pdf__3a7e50ca3f__p237__chunk_3,
taf-ip__var__srvc-end-dt-cd,SRVC_END_DT_CD,taf-ip,the Date Field Used to Populate SRVC_END_DT CHAR 1 30,,,data/raw/assets/xlsx/2837c88843e634721ad44bc32fff80da6af55b1a.xlsx,https://www2.ccwdata.org/documents/10280/19022436/record-layout-taf-claims.xlsx,1,taf-ip__record-layout-taf-claims_xlsx__2837c88843__s1__chunk_5,
