url,title,resource_kind,asset_kind,content_type,http_status,link_state,linked_documents,source_url,source_title
https://resdac.org/cms-data?page=0,Find the CMS Data File You Need | ResDAC,listing_page,,text/html,200,live,50,,
https://resdac.org/cms-data?page=1,Find the CMS Data File You Need | ResDAC,listing_page,,text/html,200,live,51,,
https://resdac.org/cms-data?page=2,Find the CMS Data File You Need | ResDAC,listing_page,,text/html,200,live,51,,
https://resdac.org/cms-data?page=3,Find the CMS Data File You Need | ResDAC,listing_page,,text/html,200,live,36,,
https://resdac.org/cms-data?page=4,Find the CMS Data File You Need | ResDAC,listing_page,,text/html,200,live,0,,
https://resdac.org/cms-data/files/ahc-model,Accountable Health Communities Model,dataset_page,,text/html,200,live,2,https://resdac.org/cms-data?page=0,Find the CMS Data File You Need | ResDAC
https://resdac.org/cms-data/files/ahcah-hospital,Acute Hospital Care at Home - Hospital,dataset_page,,text/html,200,live,3,https://resdac.org/cms-data?page=0,Find the CMS Data File You Need | ResDAC
https://resdac.org/cms-data/files/ahcah-patient,Acute Hospital Care at Home - Patient,dataset_page,,text/html,200,live,3,https://resdac.org/cms-data?page=0,Find the CMS Data File You Need | ResDAC
https://resdac.org/cms-data/files/cahps,Consumer Assessment of Healthcare Providers & Systems,dataset_page,,text/html,200,live,2,https://resdac.org/cms-data?page=2,Find the CMS Data File You Need | ResDAC
https://resdac.org/cms-data/files/carrier-encounter,Encounter Carrier,dataset_page,,text/html,200,live,3,https://resdac.org/cms-data?page=1,Find the CMS Data File You Need | ResDAC
https://resdac.org/cms-data/files/carrier-encounter?page=1,VIEW MORE RELATED FILES,dataset_page,,text/html,200,live,2,https://resdac.org/cms-data/files/carrier-encounter,Encounter Carrier | ResDAC
https://resdac.org/cms-data/files/carrier-ffs,Original Medicare (Fee-for-Service) Carrier,dataset_page,,text/html,200,live,3,https://resdac.org/cms-data?page=1,Find the CMS Data File You Need | ResDAC
https://resdac.org/cms-data/files/carrier-ffs?page=1,VIEW MORE RELATED FILES,dataset_page,,text/html,200,live,2,https://resdac.org/cms-data/files/carrier-ffs,Original Medicare (Fee-for-Service) Carrier | ResDAC
https://resdac.org/cms-data/files/cec-beneficiary,Comprehensive ESRD Care Model - Beneficiary,dataset_page,,text/html,200,live,3,https://resdac.org/cms-data?page=3,Find the CMS Data File You Need | ResDAC
https://resdac.org/cms-data/files/cec-provider,CEC Provider RIF,dataset_page,,text/html,200,live,3,https://resdac.org/cms-data?page=3,Find the CMS Data File You Need | ResDAC
https://resdac.org/cms-data/files/cmds-beneficiary,CMMI Model Data Sharing Beneficiary,dataset_page,,text/html,200,live,3,https://resdac.org/cms-data?page=0,Find the CMS Data File You Need | ResDAC
https://resdac.org/cms-data/files/cmds-entity,Entity,dataset_page,,text/html,200,live,2,https://resdac.org/cms-data?page=0,Find the CMS Data File You Need | ResDAC
https://resdac.org/cms-data/files/cmds-provider,CMMI Model Data Sharing Provider,dataset_page,,text/html,200,live,3,https://resdac.org/cms-data?page=0,Find the CMS Data File You Need | ResDAC
https://resdac.org/cms-data/files/cmmi-model-data-sharing-cmds-model-participation-data-initiative,CMMI Model Data Sharing (CMDS) Model Participation Data Initiative,dataset_page,,text/html,200,live,3,https://resdac.org/cms-data?page=0,Find the CMS Data File You Need | ResDAC
https://resdac.org/cms-data/files/dme-encounter,Encounter Durable Medical Equipment,dataset_page,,text/html,200,live,3,https://resdac.org/cms-data?page=1,Find the CMS Data File You Need | ResDAC
https://resdac.org/cms-data/files/dme-encounter?page=1,VIEW MORE RELATED FILES,dataset_page,,text/html,200,live,2,https://resdac.org/cms-data/files/dme-encounter,Encounter Durable Medical Equipment | ResDAC
https://resdac.org/cms-data/files/dme-ffs,Original Medicare (Fee-for-Service) Durable Medical Equipment,dataset_page,,text/html,200,live,3,https://resdac.org/cms-data?page=1,Find the CMS Data File You Need | ResDAC
https://resdac.org/cms-data/files/dme-ffs?page=1,VIEW MORE RELATED FILES,dataset_page,,text/html,200,live,2,https://resdac.org/cms-data/files/dme-ffs,Original Medicare (Fee-for-Service) Durable Medical Equipment | ResDAC
https://resdac.org/cms-data/files/hedis-rif,Healthcare Effectiveness Data and Information Set (HEDIS),dataset_page,,text/html,200,live,4,https://resdac.org/cms-data?page=3,Find the CMS Data File You Need | ResDAC
https://resdac.org/cms-data/files/hedis-rif-measures,Healthcare Effectiveness Data and Information Set (HEDIS) File 1: Measures File (does not include Plan All-Cause Readmission measure),dataset_page,,text/html,200,live,2,https://resdac.org/cms-data?page=3,Find the CMS Data File You Need | ResDAC
https://resdac.org/cms-data/files/hedis-rif-pcr-measure,Healthcare Effectiveness Data and Information Set (HEDIS) File 2: Plan All-Cause Readmission (PCR) Measure,dataset_page,,text/html,200,live,2,https://resdac.org/cms-data?page=3,Find the CMS Data File You Need | ResDAC
https://resdac.org/cms-data/files/hha-encounter,Encounter Home Health Agency,dataset_page,,text/html,200,live,3,https://resdac.org/cms-data?page=1,Find the CMS Data File You Need | ResDAC
https://resdac.org/cms-data/files/hha-encounter?page=1,VIEW MORE RELATED FILES,dataset_page,,text/html,200,live,3,https://resdac.org/cms-data/files/hha-encounter,Encounter Home Health Agency | ResDAC
https://resdac.org/cms-data/files/hha-encounter?page=2,VIEW MORE RELATED FILES,dataset_page,,text/html,200,live,2,https://resdac.org/cms-data/files/hha-encounter?page=1,Encounter Home Health Agency | ResDAC
https://resdac.org/cms-data/files/hha-ffs,Original Medicare (Fee-for-Service) Home Health Agency,dataset_page,,text/html,200,live,4,https://resdac.org/cms-data?page=1,Find the CMS Data File You Need | ResDAC
https://resdac.org/cms-data/files/hha-ffs?page=1,VIEW MORE RELATED FILES,dataset_page,,text/html,200,live,3,https://resdac.org/cms-data/files/hha-ffs,Original Medicare (Fee-for-Service) Home Health Agency | ResDAC
https://resdac.org/cms-data/files/hos-rif,Health Outcomes Survey,dataset_page,,text/html,200,live,2,https://resdac.org/cms-data?page=3,Find the CMS Data File You Need | ResDAC
https://resdac.org/cms-data/files/hospice-ffs,Original Medicare (Fee-for-Service) Hospice,dataset_page,,text/html,200,live,3,https://resdac.org/cms-data?page=1,Find the CMS Data File You Need | ResDAC
https://resdac.org/cms-data/files/hospice-ffs?page=1,VIEW MORE RELATED FILES,dataset_page,,text/html,200,live,2,https://resdac.org/cms-data/files/hospice-ffs,Original Medicare (Fee-for-Service) Hospice | ResDAC
https://resdac.org/cms-data/files/hrs-medicare,Health and Retirement Survey - Medicare Linked Data,dataset_page,,text/html,200,live,3,https://resdac.org/cms-data?page=2,Find the CMS Data File You Need | ResDAC
https://resdac.org/cms-data/files/ip-encounter,Encounter Inpatient,dataset_page,,text/html,200,live,3,https://resdac.org/cms-data?page=1,Find the CMS Data File You Need | ResDAC
https://resdac.org/cms-data/files/ip-encounter?page=1,VIEW MORE RELATED FILES,dataset_page,,text/html,200,live,2,https://resdac.org/cms-data/files/ip-encounter,Encounter Inpatient | ResDAC
https://resdac.org/cms-data/files/ip-ffs,Original Medicare (Fee-for-Service) Inpatient,dataset_page,,text/html,200,live,3,https://resdac.org/cms-data?page=1,Find the CMS Data File You Need | ResDAC
https://resdac.org/cms-data/files/ip-ffs?page=1,VIEW MORE RELATED FILES,dataset_page,,text/html,200,live,2,https://resdac.org/cms-data/files/ip-ffs,Original Medicare (Fee-for-Service) Inpatient | ResDAC
https://resdac.org/cms-data/files/irf-pai,Inpatient Rehab Facility-Patient Assessment Instrument,dataset_page,,text/html,200,live,3,https://resdac.org/cms-data?page=2,Find the CMS Data File You Need | ResDAC
https://resdac.org/cms-data/files/irf-pai?page=1,VIEW MORE RELATED FILES,dataset_page,,text/html,200,live,2,https://resdac.org/cms-data/files/irf-pai,Inpatient Rehab Facility-Patient Assessment Instrument | ResDAC
https://resdac.org/cms-data/files/kcc-beneficiary,Kidney Care Choices Model Alignment Beneficiary,dataset_page,,text/html,200,live,3,https://resdac.org/cms-data?page=0,Find the CMS Data File You Need | ResDAC
https://resdac.org/cms-data/files/kcc-provider,KCC Model Provider file,dataset_page,,text/html,200,live,3,https://resdac.org/cms-data?page=0,Find the CMS Data File You Need | ResDAC
https://resdac.org/cms-data/files/lcds,Long-Term Care Hospital Continuity Assessment Record and Evaluation Data Set,dataset_page,,text/html,200,live,2,https://resdac.org/cms-data?page=0,Find the CMS Data File You Need | ResDAC
https://resdac.org/cms-data/files/max-ip,Medicaid Analytic Extract Inpatient,dataset_page,,text/html,200,live,4,https://resdac.org/cms-data?page=2,Find the CMS Data File You Need | ResDAC
https://resdac.org/cms-data/files/max-ip?page=1,VIEW MORE RELATED FILES,dataset_page,,text/html,200,live,3,https://resdac.org/cms-data/files/max-ip,Medicaid Analytic Extract Inpatient | ResDAC
https://resdac.org/cms-data/files/max-lt,Medicaid Analytic Extract Long Term Care,dataset_page,,text/html,200,live,4,https://resdac.org/cms-data?page=2,Find the CMS Data File You Need | ResDAC
https://resdac.org/cms-data/files/max-lt?page=1,VIEW MORE RELATED FILES,dataset_page,,text/html,200,live,3,https://resdac.org/cms-data/files/max-lt,Medicaid Analytic Extract Long Term Care | ResDAC
https://resdac.org/cms-data/files/max-ot,Medicaid Analytic Extract Other Services,dataset_page,,text/html,200,live,4,https://resdac.org/cms-data?page=2,Find the CMS Data File You Need | ResDAC
https://resdac.org/cms-data/files/max-ot?page=1,VIEW MORE RELATED FILES,dataset_page,,text/html,200,live,3,https://resdac.org/cms-data/files/max-ot,Medicaid Analytic Extract Other Services | ResDAC
https://resdac.org/cms-data/files/max-ps,Medicaid Analytic Extract Personal Summary,dataset_page,,text/html,200,live,4,https://resdac.org/cms-data?page=2,Find the CMS Data File You Need | ResDAC
https://resdac.org/cms-data/files/max-ps?page=1,VIEW MORE RELATED FILES,dataset_page,,text/html,200,live,3,https://resdac.org/cms-data/files/max-ps,Medicaid Analytic Extract Personal Summary | ResDAC
https://resdac.org/cms-data/files/max-rx,Medicaid Analytic Extract Prescription Drug,dataset_page,,text/html,200,live,4,https://resdac.org/cms-data?page=2,Find the CMS Data File You Need | ResDAC
https://resdac.org/cms-data/files/max-rx?page=1,VIEW MORE RELATED FILES,dataset_page,,text/html,200,live,3,https://resdac.org/cms-data/files/max-rx,Medicaid Analytic Extract Prescription Drug | ResDAC
https://resdac.org/cms-data/files/mbisg,Medicare Bayesian Improved Surname Geocoding,dataset_page,,text/html,200,live,2,https://resdac.org/cms-data?page=0,Find the CMS Data File You Need | ResDAC
https://resdac.org/cms-data/files/mbsf,MBSF NDI,dataset_page,,text/html,404,dead,0,https://resdac.org/cms-data/files/mesf-ndi,Medicaid Enrollee Supplemental File: National Death Index Segment | ResDAC
https://resdac.org/cms-data/files/mbsf-27-cc,Master Beneficiary Summary File 27 CCW Chronic Conditions,dataset_page,,text/html,200,live,5,https://resdac.org/cms-data?page=1,Find the CMS Data File You Need | ResDAC
https://resdac.org/cms-data/files/mbsf-27-cc?page=1,VIEW MORE RELATED FILES,dataset_page,,text/html,200,live,4,https://resdac.org/cms-data/files/mbsf-27-cc,Master Beneficiary Summary File 27 CCW Chronic Conditions | ResDAC
https://resdac.org/cms-data/files/mbsf-30-cc,Master Beneficiary Summary File 30 CCW Chronic Conditions,dataset_page,,text/html,200,live,5,https://resdac.org/cms-data?page=1,Find the CMS Data File You Need | ResDAC
https://resdac.org/cms-data/files/mbsf-30-cc?page=1,VIEW MORE RELATED FILES,dataset_page,,text/html,200,live,4,https://resdac.org/cms-data/files/mbsf-30-cc,Master Beneficiary Summary File 30 CCW Chronic Conditions | ResDAC
https://resdac.org/cms-data/files/mbsf-base,Master Beneficiary Summary File Base A/B/C/D,dataset_page,,text/html,200,live,7,https://resdac.org/cms-data?page=0,Find the CMS Data File You Need | ResDAC
https://resdac.org/cms-data/files/mbsf-base-v2,MBSF Base A/B/C/D V2,dataset_page,,text/html,200,live,8,https://resdac.org/cms-data/files/mbsf-base,Master Beneficiary Summary File Base A/B/C/D | ResDAC
https://resdac.org/cms-data/files/mbsf-base-v2?page=1,VIEW MORE RELATED FILES,dataset_page,,text/html,200,live,7,https://resdac.org/cms-data/files/mbsf-base-v2,Master Beneficiary Summary File Base A/B/C/D V2 | ResDAC
https://resdac.org/cms-data/files/mbsf-cc,Chronic Conditions,dataset_page,,text/html,200,live,5,https://resdac.org/cms-data/files/mbsf-base,Master Beneficiary Summary File Base A/B/C/D | ResDAC
https://resdac.org/cms-data/files/mbsf-cc?page=1,VIEW MORE RELATED FILES,dataset_page,,text/html,200,live,4,https://resdac.org/cms-data/files/mbsf-cc,Master Beneficiary Summary File 27 CCW Chronic Conditions | ResDAC
https://resdac.org/cms-data/files/mbsf-cost-and-use,Master Beneficiary Summary File Cost and Use,dataset_page,,text/html,200,live,3,https://resdac.org/cms-data?page=1,Find the CMS Data File You Need | ResDAC
https://resdac.org/cms-data/files/mbsf-cost-and-utilization,Cost and Use,dataset_page,,text/html,200,live,3,https://resdac.org/cms-data/files/mbsf-base,Master Beneficiary Summary File Base A/B/C/D | ResDAC
https://resdac.org/cms-data/files/mbsf-ndi,Master Beneficiary Summary File National Death Index,dataset_page,,text/html,200,live,2,https://resdac.org/cms-data?page=1,Find the CMS Data File You Need | ResDAC
https://resdac.org/cms-data/files/mbsf-other-conditions,Master Beneficiary Summary File Other Chronic or Potentially Disabling Conditions,dataset_page,,text/html,200,live,3,https://resdac.org/cms-data?page=1,Find the CMS Data File You Need | ResDAC
https://resdac.org/cms-data/files/md-ppas,Medicare Data on Provider Practice and Specialty,dataset_page,,text/html,200,live,2,https://resdac.org/cms-data?page=3,Find the CMS Data File You Need | ResDAC
https://resdac.org/cms-data/files/mds-20,Long Term Care Minimum Data Set 2.0,dataset_page,,text/html,200,live,4,https://resdac.org/cms-data?page=2,Find the CMS Data File You Need | ResDAC
https://resdac.org/cms-data/files/mds-30,Long Term Care Minimum Data Set 3.0,dataset_page,,text/html,200,live,3,https://resdac.org/cms-data?page=2,Find the CMS Data File You Need | ResDAC
https://resdac.org/cms-data/files/mds-30?page=1,VIEW MORE RELATED FILES,dataset_page,,text/html,200,live,2,https://resdac.org/cms-data/files/mds-30,Long Term Care Minimum Data Set 3.0 | ResDAC
https://resdac.org/cms-data/files/mds-sb-20,a separate file.,dataset_page,,text/html,200,live,2,https://resdac.org/cms-data?page=2,Find the CMS Data File You Need | ResDAC
https://resdac.org/cms-data/files/mds-sb-30,Long Term Care Minimum Data Set Swing-Bed 3.0,dataset_page,,text/html,200,live,3,https://resdac.org/cms-data?page=2,Find the CMS Data File You Need | ResDAC
https://resdac.org/cms-data/files/mds-sb-30?page=1,VIEW MORE RELATED FILES,dataset_page,,text/html,200,live,2,https://resdac.org/cms-data/files/mds-sb-30,Long Term Care Minimum Data Set Swing-Bed 3.0 | ResDAC
https://resdac.org/cms-data/files/medpar,Medicare Provider Analysis and Review,dataset_page,,text/html,200,live,3,https://resdac.org/cms-data?page=1,Find the CMS Data File You Need | ResDAC
https://resdac.org/cms-data/files/medpar?page=1,VIEW MORE RELATED FILES,dataset_page,,text/html,200,live,2,https://resdac.org/cms-data/files/medpar,Medicare Provider Analysis and Review | ResDAC
https://resdac.org/cms-data/files/mesf-conditions,Medicaid Enrollee Supplemental File: Conditions Segment,dataset_page,,text/html,200,live,2,https://resdac.org/cms-data?page=2,Find the CMS Data File You Need | ResDAC
https://resdac.org/cms-data/files/mesf-ndi,Medicaid Enrollee Supplemental File: National Death Index Segment,dataset_page,,text/html,200,live,4,https://resdac.org/cms-data?page=2,Find the CMS Data File You Need | ResDAC
https://resdac.org/cms-data/files/million-hearts,Million Hearts® Cardiovascular Disease Risk Reduction Model,dataset_page,,text/html,200,live,10,https://resdac.org/cms-data?page=0,Find the CMS Data File You Need | ResDAC
https://resdac.org/cms-data/files/million-hearts-model-alignment,Million Hearts® Model Alignment,dataset_page,,text/html,200,live,3,https://resdac.org/cms-data?page=0,Find the CMS Data File You Need | ResDAC
https://resdac.org/cms-data/files/million-hearts-model-alignment?page=1,VIEW MORE RELATED FILES,dataset_page,,text/html,200,live,2,https://resdac.org/cms-data/files/million-hearts-model-alignment,Million Hearts® Model Alignment | ResDAC
https://resdac.org/cms-data/files/million-hearts-model-beneficiary-demographic,Million Hearts® Model Beneficiary Demographic,dataset_page,,text/html,200,live,3,https://resdac.org/cms-data?page=0,Find the CMS Data File You Need | ResDAC
https://resdac.org/cms-data/files/million-hearts-model-beneficiary-demographic?page=1,VIEW MORE RELATED FILES,dataset_page,,text/html,200,live,2,https://resdac.org/cms-data/files/million-hearts-model-beneficiary-demographic,Million Hearts® Model Beneficiary Demographic | ResDAC
https://resdac.org/cms-data/files/million-hearts-model-final-clinical,Million Hearts® Model Final Clinical,dataset_page,,text/html,200,live,4,https://resdac.org/cms-data?page=0,Find the CMS Data File You Need | ResDAC
https://resdac.org/cms-data/files/million-hearts-model-final-clinical?page=1,VIEW MORE RELATED FILES,dataset_page,,text/html,200,live,3,https://resdac.org/cms-data/files/million-hearts-model-final-clinical,Million Hearts® Model Final Clinical | ResDAC
https://resdac.org/cms-data/files/million-hearts-model-practice-list,Million Hearts® Model Practice List,dataset_page,,text/html,200,live,3,https://resdac.org/cms-data?page=0,Find the CMS Data File You Need | ResDAC
https://resdac.org/cms-data/files/million-hearts-model-practice-list?page=1,VIEW MORE RELATED FILES,dataset_page,,text/html,200,live,2,https://resdac.org/cms-data/files/million-hearts-model-practice-list,Million Hearts® Model Practice List | ResDAC
https://resdac.org/cms-data/files/million-hearts-model-provider-list,Million Hearts® Model Provider List,dataset_page,,text/html,200,live,3,https://resdac.org/cms-data?page=0,Find the CMS Data File You Need | ResDAC
https://resdac.org/cms-data/files/million-hearts-model-provider-list?page=1,VIEW MORE RELATED FILES,dataset_page,,text/html,200,live,2,https://resdac.org/cms-data/files/million-hearts-model-provider-list,Million Hearts® Model Provider List | ResDAC
https://resdac.org/cms-data/files/million-hearts-model-raw-clinical,Raw Clinical data,dataset_page,,text/html,200,live,3,https://resdac.org/cms-data?page=0,Find the CMS Data File You Need | ResDAC
https://resdac.org/cms-data/files/million-hearts-model-raw-clinical?page=1,VIEW MORE RELATED FILES,dataset_page,,text/html,200,live,2,https://resdac.org/cms-data/files/million-hearts-model-raw-clinical,Million Hearts® Model Raw Clinical | ResDAC
https://resdac.org/cms-data/files/million-hearts-model-visit,Million Hearts® Model Visit,dataset_page,,text/html,200,live,3,https://resdac.org/cms-data?page=0,Find the CMS Data File You Need | ResDAC
https://resdac.org/cms-data/files/million-hearts-model-visit?page=1,VIEW MORE RELATED FILES,dataset_page,,text/html,200,live,2,https://resdac.org/cms-data/files/million-hearts-model-visit,Million Hearts® Model Visit | ResDAC
https://resdac.org/cms-data/files/million-hearts?page=1,VIEW MORE RELATED FILES,dataset_page,,text/html,200,live,9,https://resdac.org/cms-data/files/million-hearts,Million Hearts® Cardiovascular Disease Risk Reduction Model | ResDAC
https://resdac.org/cms-data/files/mmleads-2,Medicare-Medicaid Linked Enrollee Analytic Data Source 2.0,dataset_page,,text/html,200,live,2,https://resdac.org/cms-data?page=3,Find the CMS Data File You Need | ResDAC
https://resdac.org/cms-data/files/mmleads-3,Medicare-Medicaid Linked Enrollee Analytic Data Source 3.0,dataset_page,,text/html,200,live,2,https://resdac.org/cms-data?page=3,Find the CMS Data File You Need | ResDAC
https://resdac.org/cms-data/files/ngaco-beneficiary,Next Generation ACO Model Beneficiary,dataset_page,,text/html,200,live,3,https://resdac.org/cms-data?page=3,Find the CMS Data File You Need | ResDAC
https://resdac.org/cms-data/files/ngaco-provider,Next Generation ACO Model Provider file,dataset_page,,text/html,200,live,3,https://resdac.org/cms-data?page=3,Find the CMS Data File You Need | ResDAC
https://resdac.org/cms-data/files/nhats,National Health and Aging Trends Study (NHATS) - Medicare Linked Data,dataset_page,,text/html,200,live,2,https://resdac.org/cms-data?page=3,Find the CMS Data File You Need | ResDAC
https://resdac.org/cms-data/files/oasis,Home Health Outcome and Assessment Information Set (OASIS),dataset_page,,text/html,200,live,2,https://resdac.org/cms-data?page=2,Find the CMS Data File You Need | ResDAC
https://resdac.org/cms-data/files/ocm,Oncology Care Model,dataset_page,,text/html,200,live,4,https://resdac.org/cms-data?page=0,Find the CMS Data File You Need | ResDAC
https://resdac.org/cms-data/files/ocm-clinical-and-staging,Oncology Care Model Clinical and Staging,dataset_page,,text/html,200,live,2,https://resdac.org/cms-data?page=0,Find the CMS Data File You Need | ResDAC
https://resdac.org/cms-data/files/ocm-current-clinical-status,Oncology Care Model Current Clinical Status,dataset_page,,text/html,200,live,2,https://resdac.org/cms-data?page=0,Find the CMS Data File You Need | ResDAC
https://resdac.org/cms-data/files/op-encounter,Encounter Outpatient,dataset_page,,text/html,200,live,3,https://resdac.org/cms-data?page=1,Find the CMS Data File You Need | ResDAC
https://resdac.org/cms-data/files/op-encounter?page=1,VIEW MORE RELATED FILES,dataset_page,,text/html,200,live,2,https://resdac.org/cms-data/files/op-encounter,Encounter Outpatient | ResDAC
https://resdac.org/cms-data/files/op-ffs,Original Medicare (Fee-for-Service) Outpatient,dataset_page,,text/html,200,live,3,https://resdac.org/cms-data?page=1,Find the CMS Data File You Need | ResDAC
https://resdac.org/cms-data/files/op-ffs?page=1,VIEW MORE RELATED FILES,dataset_page,,text/html,200,live,2,https://resdac.org/cms-data/files/op-ffs,Original Medicare (Fee-for-Service) Outpatient | ResDAC
https://resdac.org/cms-data/files/part-d-drug-characteristics,Part D Drug Characteristics,dataset_page,,text/html,200,live,4,https://resdac.org/cms-data?page=1,Find the CMS Data File You Need | ResDAC
https://resdac.org/cms-data/files/part-d-drug-characteristics?page=1,VIEW MORE RELATED FILES,dataset_page,,text/html,200,live,3,https://resdac.org/cms-data/files/part-d-drug-characteristics,Part D Drug Characteristics | ResDAC
https://resdac.org/cms-data/files/part-d-formulary,Part D Formulary,dataset_page,,text/html,200,live,4,https://resdac.org/cms-data?page=1,Find the CMS Data File You Need | ResDAC
https://resdac.org/cms-data/files/part-d-formulary-file,Part D Formulary files,dataset_page,,text/html,200,live,4,https://resdac.org/cms-data/files/pde,Part D Event | ResDAC
https://resdac.org/cms-data/files/part-d-formulary-file?page=1,VIEW MORE RELATED FILES,dataset_page,,text/html,200,live,3,https://resdac.org/cms-data/files/part-d-formulary-file,Part D Formulary | ResDAC
https://resdac.org/cms-data/files/part-d-formulary?page=1,VIEW MORE RELATED FILES,dataset_page,,text/html,200,live,3,https://resdac.org/cms-data/files/part-d-formulary,Part D Formulary | ResDAC
https://resdac.org/cms-data/files/part-d-mtm,Part D Medication Therapy Management Data,dataset_page,,text/html,200,live,4,https://resdac.org/cms-data?page=2,Find the CMS Data File You Need | ResDAC
https://resdac.org/cms-data/files/part-d-mtm?page=1,VIEW MORE RELATED FILES,dataset_page,,text/html,200,live,3,https://resdac.org/cms-data/files/part-d-mtm,Part D Medication Therapy Management Data | ResDAC
https://resdac.org/cms-data/files/part-d-pharmacy-characteristics,Part D Pharmacy Characteristics,dataset_page,,text/html,200,live,4,https://resdac.org/cms-data?page=1,Find the CMS Data File You Need | ResDAC
https://resdac.org/cms-data/files/part-d-pharmacy-characteristics?page=1,VIEW MORE RELATED FILES,dataset_page,,text/html,200,live,3,https://resdac.org/cms-data/files/part-d-pharmacy-characteristics,Part D Pharmacy Characteristics | ResDAC
https://resdac.org/cms-data/files/part-d-plan-election-type-beneficiary-summary,Part D Plan Election Type Beneficiary Summary,dataset_page,,text/html,200,live,4,https://resdac.org/cms-data?page=2,Find the CMS Data File You Need | ResDAC
https://resdac.org/cms-data/files/part-d-plan-election-type-beneficiary-summary?page=1,VIEW MORE RELATED FILES,dataset_page,,text/html,200,live,3,https://resdac.org/cms-data/files/part-d-plan-election-type-beneficiary-summary,Part D Plan Election Type Beneficiary Summary | ResDAC
https://resdac.org/cms-data/files/part-d-prescriber-characteristics,Part D Prescriber Characteristics,dataset_page,,text/html,200,live,4,https://resdac.org/cms-data?page=1,Find the CMS Data File You Need | ResDAC
https://resdac.org/cms-data/files/part-d-prescriber-characteristics?page=1,VIEW MORE RELATED FILES,dataset_page,,text/html,200,live,3,https://resdac.org/cms-data/files/part-d-prescriber-characteristics,Part D Prescriber Characteristics | ResDAC
https://resdac.org/cms-data/files/pde,Part D Event,dataset_page,,text/html,200,live,8,https://resdac.org/cms-data?page=1,Find the CMS Data File You Need | ResDAC
https://resdac.org/cms-data/files/pde?page=1,VIEW MORE RELATED FILES,dataset_page,,text/html,200,live,7,https://resdac.org/cms-data/files/pde,Part D Event | ResDAC
https://resdac.org/cms-data/files/pioneer-aco,Pioneer Accountable Care Organization,dataset_page,,text/html,200,live,3,https://resdac.org/cms-data?page=3,Find the CMS Data File You Need | ResDAC
https://resdac.org/cms-data/files/pioneer-aco?page=1,VIEW MORE RELATED FILES,dataset_page,,text/html,200,live,2,https://resdac.org/cms-data/files/pioneer-aco,Pioneer Accountable Care Organization | ResDAC
https://resdac.org/cms-data/files/plan-characteristics,Plan Characteristics,dataset_page,,text/html,200,live,4,https://resdac.org/cms-data?page=2,Find the CMS Data File You Need | ResDAC
https://resdac.org/cms-data/files/plan-characteristics?page=1,VIEW MORE RELATED FILES,dataset_page,,text/html,200,live,4,https://resdac.org/cms-data/files/plan-characteristics,Plan Characteristics | ResDAC
https://resdac.org/cms-data/files/plan-characteristics?page=2,VIEW MORE RELATED FILES,dataset_page,,text/html,200,live,3,https://resdac.org/cms-data/files/plan-characteristics?page=1,Plan Characteristics | ResDAC
https://resdac.org/cms-data/files/risk-score-base,Risk Score Operational Payment Base File,dataset_page,,text/html,200,live,3,https://resdac.org/cms-data?page=0,Find the CMS Data File You Need | ResDAC
https://resdac.org/cms-data/files/risk-score-mofs,Risk Score Model Output Files,dataset_page,,text/html,200,live,3,https://resdac.org/cms-data?page=0,Find the CMS Data File You Need | ResDAC
https://resdac.org/cms-data/files/snf-encounter,Encounter Skilled Nursing Facility,dataset_page,,text/html,200,live,3,https://resdac.org/cms-data?page=1,Find the CMS Data File You Need | ResDAC
https://resdac.org/cms-data/files/snf-encounter?page=1,VIEW MORE RELATED FILES,dataset_page,,text/html,200,live,3,https://resdac.org/cms-data/files/snf-encounter,Encounter Skilled Nursing Facility | ResDAC
https://resdac.org/cms-data/files/snf-encounter?page=2,VIEW MORE RELATED FILES,dataset_page,,text/html,200,live,2,https://resdac.org/cms-data/files/snf-encounter?page=1,Encounter Skilled Nursing Facility | ResDAC
https://resdac.org/cms-data/files/snf-ffs,Original Medicare (Fee-for-Service) Skilled Nursing Facility,dataset_page,,text/html,200,live,2,https://resdac.org/cms-data?page=1,Find the CMS Data File You Need | ResDAC
https://resdac.org/cms-data/files/ssp-aco-beneficiary,Shared Savings Program Accountable Care Organizations Beneficiary-level,dataset_page,,text/html,200,live,3,https://resdac.org/cms-data?page=3,Find the CMS Data File You Need | ResDAC
https://resdac.org/cms-data/files/ssp-aco-beneficiary?page=1,VIEW MORE RELATED FILES,dataset_page,,text/html,200,live,2,https://resdac.org/cms-data/files/ssp-aco-beneficiary,Shared Savings Program Accountable Care Organizations Beneficiary-level | ResDAC
https://resdac.org/cms-data/files/ssp-aco-provider,Shared Savings Program Accountable Care Organizations Provider-level,dataset_page,,text/html,200,live,3,https://resdac.org/cms-data?page=3,Find the CMS Data File You Need | ResDAC
https://resdac.org/cms-data/files/ssp-aco-provider?page=1,VIEW MORE RELATED FILES,dataset_page,,text/html,200,live,2,https://resdac.org/cms-data/files/ssp-aco-provider,Shared Savings Program Accountable Care Organizations Provider-level | ResDAC
https://resdac.org/cms-data/files/taf-apl,T-MSIS Analytic File Annual Managed Care Plan,dataset_page,,text/html,200,live,3,https://resdac.org/cms-data?page=2,Find the CMS Data File You Need | ResDAC
https://resdac.org/cms-data/files/taf-apl?page=1,VIEW MORE RELATED FILES,dataset_page,,text/html,200,live,2,https://resdac.org/cms-data/files/taf-apl,T-MSIS Analytic File Annual Managed Care Plan | ResDAC
https://resdac.org/cms-data/files/taf-apr,T-MSIS Analytic File Annual Provider,dataset_page,,text/html,200,live,3,https://resdac.org/cms-data?page=2,Find the CMS Data File You Need | ResDAC
https://resdac.org/cms-data/files/taf-apr?page=1,VIEW MORE RELATED FILES,dataset_page,,text/html,200,live,2,https://resdac.org/cms-data/files/taf-apr,T-MSIS Analytic File Annual Provider | ResDAC
https://resdac.org/cms-data/files/taf-de,T-MSIS Analytic File Demographic and Eligibility,dataset_page,,text/html,200,live,5,https://resdac.org/cms-data?page=2,Find the CMS Data File You Need | ResDAC
https://resdac.org/cms-data/files/taf-de?page=1,VIEW MORE RELATED FILES,dataset_page,,text/html,200,live,4,https://resdac.org/cms-data/files/taf-de,T-MSIS Analytic File Demographic and Eligibility | ResDAC
https://resdac.org/cms-data/files/taf-ip,T-MSIS Analytic File Inpatient,dataset_page,,text/html,200,live,5,https://resdac.org/cms-data?page=2,Find the CMS Data File You Need | ResDAC
https://resdac.org/cms-data/files/taf-ip?page=1,VIEW MORE RELATED FILES,dataset_page,,text/html,200,live,4,https://resdac.org/cms-data/files/taf-ip,T-MSIS Analytic File Inpatient | ResDAC
https://resdac.org/cms-data/files/taf-lt,T-MSIS Analytic File Long Term Care,dataset_page,,text/html,200,live,5,https://resdac.org/cms-data?page=2,Find the CMS Data File You Need | ResDAC
https://resdac.org/cms-data/files/taf-lt?page=1,VIEW MORE RELATED FILES,dataset_page,,text/html,200,live,4,https://resdac.org/cms-data/files/taf-lt,T-MSIS Analytic File Long Term Care | ResDAC
https://resdac.org/cms-data/files/taf-ot,T-MSIS Analytic File Other Services,dataset_page,,text/html,200,live,5,https://resdac.org/cms-data?page=2,Find the CMS Data File You Need | ResDAC
https://resdac.org/cms-data/files/taf-ot?page=1,VIEW MORE RELATED FILES,dataset_page,,text/html,200,live,4,https://resdac.org/cms-data/files/taf-ot,T-MSIS Analytic File Other Services | ResDAC
https://resdac.org/cms-data/files/taf-rx,T-MSIS Analytic File Pharmacy,dataset_page,,text/html,200,live,5,https://resdac.org/cms-data?page=2,Find the CMS Data File You Need | ResDAC
https://resdac.org/cms-data/files/taf-rx?page=1,VIEW MORE RELATED FILES,dataset_page,,text/html,200,live,4,https://resdac.org/cms-data/files/taf-rx,T-MSIS Analytic File Pharmacy | ResDAC
https://resdac.org/cms-data/files/vm-beneficiary,Value Modifier Beneficiary-Level,dataset_page,,text/html,200,live,3,https://resdac.org/cms-data?page=3,Find the CMS Data File You Need | ResDAC
https://resdac.org/cms-data/files/vm-beneficiary?page=1,VIEW MORE RELATED FILES,dataset_page,,text/html,200,live,2,https://resdac.org/cms-data/files/vm-beneficiary,Value Modifier Beneficiary-Level | ResDAC
https://resdac.org/cms-data/files/vm-npi-practice,Value Modifier NPI Practice-Level,dataset_page,,text/html,200,live,3,https://resdac.org/cms-data?page=3,Find the CMS Data File You Need | ResDAC
https://resdac.org/cms-data/files/vm-npi-practice?page=1,VIEW MORE RELATED FILES,dataset_page,,text/html,200,live,2,https://resdac.org/cms-data/files/vm-npi-practice,Value Modifier NPI Practice-Level | ResDAC
https://resdac.org/cms-data/files/vm-practice,Value Modifier Practice-Level,dataset_page,,text/html,200,live,3,https://resdac.org/cms-data?page=3,Find the CMS Data File You Need | ResDAC
https://resdac.org/cms-data/files/vm-practice?page=1,VIEW MORE RELATED FILES,dataset_page,,text/html,200,live,2,https://resdac.org/cms-data/files/vm-practice,Value Modifier Practice-Level | ResDAC
https://resdac.org/cms-data/files/ahc-model/data-documentation,Accountable Health Communities Model Data Documentation,documentation_page,,text/html,200,live,4,https://resdac.org/cms-data?page=0,Find the CMS Data File You Need | ResDAC
https://resdac.org/cms-data/files/ahcah-hospital/data-documentation,Acute Hospital Care at Home - Hospital Data Documentation,documentation_page,,text/html,200,live,4,https://resdac.org/cms-data?page=0,Find the CMS Data File You Need | ResDAC
https://resdac.org/cms-data/files/ahcah-patient/data-documentation,Acute Hospital Care at Home - Patient Data Documentation,documentation_page,,text/html,200,live,4,https://resdac.org/cms-data?page=0,Find the CMS Data File You Need | ResDAC
https://resdac.org/cms-data/files/cahps/data-documentation,Consumer Assessment of Healthcare Providers & Systems Data Documentation,documentation_page,,text/html,200,live,4,https://resdac.org/cms-data?page=2,Find the CMS Data File You Need | ResDAC
https://resdac.org/cms-data/files/carrier-encounter/data-documentation,Encounter Carrier Data Documentation,documentation_page,,text/html,200,live,4,https://resdac.org/cms-data?page=1,Find the CMS Data File You Need | ResDAC
https://resdac.org/cms-data/files/carrier-ffs/data-documentation,Original Medicare (Fee-for-Service) Carrier Data Documentation,documentation_page,,text/html,200,live,4,https://resdac.org/cms-data?page=1,Find the CMS Data File You Need | ResDAC
https://resdac.org/cms-data/files/cec-beneficiary/data-documentation,Comprehensive ESRD Care Model - Beneficiary Data Documentation,documentation_page,,text/html,200,live,3,https://resdac.org/cms-data?page=3,Find the CMS Data File You Need | ResDAC
https://resdac.org/cms-data/files/cec-provider/data-documentation,Comprehensive ESRD Care Model - Provider Data Documentation,documentation_page,,text/html,200,live,3,https://resdac.org/cms-data?page=3,Find the CMS Data File You Need | ResDAC
https://resdac.org/cms-data/files/cmds-beneficiary/data-documentation,CMMI Model Data Sharing Beneficiary Data Documentation,documentation_page,,text/html,200,live,3,https://resdac.org/cms-data?page=0,Find the CMS Data File You Need | ResDAC
https://resdac.org/cms-data/files/cmds-entity/data-documentation,CMMI Model Data Sharing Entity Data Documentation,documentation_page,,text/html,200,live,3,https://resdac.org/cms-data?page=0,Find the CMS Data File You Need | ResDAC
https://resdac.org/cms-data/files/cmds-provider/data-documentation,CMMI Model Data Sharing Provider Data Documentation,documentation_page,,text/html,200,live,3,https://resdac.org/cms-data?page=0,Find the CMS Data File You Need | ResDAC
https://resdac.org/cms-data/files/cmmi-model-data-sharing-cmds-model-participation-data-initiative/data-documentation,CMMI Model Data Sharing (CMDS) Model Participation Data Initiative Data Documentation,documentation_page,,text/html,200,live,3,https://resdac.org/cms-data?page=0,Find the CMS Data File You Need | ResDAC
https://resdac.org/cms-data/files/dme-encounter/data-documentation,Encounter Durable Medical Equipment Data Documentation,documentation_page,,text/html,200,live,4,https://resdac.org/cms-data?page=1,Find the CMS Data File You Need | ResDAC
https://resdac.org/cms-data/files/dme-ffs/data-documentation,Original Medicare (Fee-for-Service) Durable Medical Equipment Data Documentation,documentation_page,,text/html,200,live,4,https://resdac.org/cms-data?page=1,Find the CMS Data File You Need | ResDAC
https://resdac.org/cms-data/files/hedis-rif-measures/data-documentation,Healthcare Effectiveness Data and Information Set (HEDIS) File 1: Measures File (does not include Plan All-Cause Readmission measure) Data Documentation,documentation_page,,text/html,200,live,3,https://resdac.org/cms-data?page=3,Find the CMS Data File You Need | ResDAC
https://resdac.org/cms-data/files/hedis-rif-pcr-measure/data-documentation,Healthcare Effectiveness Data and Information Set (HEDIS) File 2: Plan All-Cause Readmission (PCR) Measure Data Documentation,documentation_page,,text/html,200,live,3,https://resdac.org/cms-data?page=3,Find the CMS Data File You Need | ResDAC
https://resdac.org/cms-data/files/hedis-rif/data-documentation,Healthcare Effectiveness Data and Information Set (HEDIS) Data Documentation,documentation_page,,text/html,200,live,3,https://resdac.org/cms-data?page=3,Find the CMS Data File You Need | ResDAC
https://resdac.org/cms-data/files/hha-encounter/data-documentation,Encounter Home Health Agency Data Documentation,documentation_page,,text/html,200,live,4,https://resdac.org/cms-data?page=1,Find the CMS Data File You Need | ResDAC
https://resdac.org/cms-data/files/hha-ffs/data-documentation,Original Medicare (Fee-for-Service) Home Health Agency Data Documentation,documentation_page,,text/html,200,live,4,https://resdac.org/cms-data?page=1,Find the CMS Data File You Need | ResDAC
https://resdac.org/cms-data/files/hos-rif/data-documentation,Health Outcomes Survey Data Documentation,documentation_page,,text/html,200,live,2,https://resdac.org/cms-data?page=3,Find the CMS Data File You Need | ResDAC
https://resdac.org/cms-data/files/hospice-ffs/data-documentation,Original Medicare (Fee-for-Service) Hospice Data Documentation,documentation_page,,text/html,200,live,4,https://resdac.org/cms-data?page=1,Find the CMS Data File You Need | ResDAC
https://resdac.org/cms-data/files/hrs-medicare/data-documentation,Health and Retirement Survey - Medicare Linked Data Data Documentation,documentation_page,,text/html,200,live,2,https://resdac.org/cms-data?page=2,Find the CMS Data File You Need | ResDAC
https://resdac.org/cms-data/files/ip-encounter/data-documentation,Encounter Inpatient Data Documentation,documentation_page,,text/html,200,live,4,https://resdac.org/cms-data?page=1,Find the CMS Data File You Need | ResDAC
https://resdac.org/cms-data/files/ip-ffs/data-documentation,Original Medicare (Fee-for-Service) Inpatient Data Documentation,documentation_page,,text/html,200,live,4,https://resdac.org/cms-data?page=1,Find the CMS Data File You Need | ResDAC
https://resdac.org/cms-data/files/irf-pai/data-documentation,Inpatient Rehab Facility-Patient Assessment Instrument Data Documentation,documentation_page,,text/html,200,live,3,https://resdac.org/cms-data?page=2,Find the CMS Data File You Need | ResDAC
https://resdac.org/cms-data/files/kcc-beneficiary/data-documentation,Kidney Care Choices Model Alignment Beneficiary Data Documentation,documentation_page,,text/html,200,live,2,https://resdac.org/cms-data?page=0,Find the CMS Data File You Need | ResDAC
https://resdac.org/cms-data/files/kcc-provider/data-documentation,Kidney Care Choices Model Provider Data Documentation,documentation_page,,text/html,200,live,2,https://resdac.org/cms-data?page=0,Find the CMS Data File You Need | ResDAC
https://resdac.org/cms-data/files/lcds/data-documentation,Long-Term Care Hospital Continuity Assessment Record and Evaluation Data Set Data Documentation,documentation_page,,text/html,200,live,2,https://resdac.org/cms-data?page=0,Find the CMS Data File You Need | ResDAC
https://resdac.org/cms-data/files/max-ip/data-documentation,Medicaid Analytic Extract Inpatient Data Documentation,documentation_page,,text/html,200,live,3,https://resdac.org/cms-data?page=2,Find the CMS Data File You Need | ResDAC
https://resdac.org/cms-data/files/max-lt/data-documentation,Medicaid Analytic Extract Long Term Care Data Documentation,documentation_page,,text/html,200,live,3,https://resdac.org/cms-data?page=2,Find the CMS Data File You Need | ResDAC
https://resdac.org/cms-data/files/max-ot/data-documentation,Medicaid Analytic Extract Other Services Data Documentation,documentation_page,,text/html,200,live,3,https://resdac.org/cms-data?page=2,Find the CMS Data File You Need | ResDAC
https://resdac.org/cms-data/files/max-ps/data-documentation,Medicaid Analytic Extract Personal Summary Data Documentation,documentation_page,,text/html,200,live,3,https://resdac.org/cms-data?page=2,Find the CMS Data File You Need | ResDAC
https://resdac.org/cms-data/files/max-rx/data-documentation,Medicaid Analytic Extract Prescription Drug Data Documentation,documentation_page,,text/html,200,live,3,https://resdac.org/cms-data?page=2,Find the CMS Data File You Need | ResDAC
https://resdac.org/cms-data/files/mbisg/data-documentation,Medicare Bayesian Improved Surname Geocoding Data Documentation,documentation_page,,text/html,200,live,3,https://resdac.org/cms-data?page=0,Find the CMS Data File You Need | ResDAC
https://resdac.org/cms-data/files/mbsf-27-cc/data-documentation,Master Beneficiary Summary File 27 CCW Chronic Conditions Data Documentation,documentation_page,,text/html,200,live,4,https://resdac.org/cms-data?page=1,Find the CMS Data File You Need | ResDAC
https://resdac.org/cms-data/files/mbsf-30-cc/data-documentation,Master Beneficiary Summary File 30 CCW Chronic Conditions Data Documentation,documentation_page,,text/html,200,live,4,https://resdac.org/cms-data?page=1,Find the CMS Data File You Need | ResDAC
https://resdac.org/cms-data/files/mbsf-base-v2/data-documentation,View Data Documentation,documentation_page,,text/html,200,live,4,https://resdac.org/cms-data/files/mbsf-base-v2,Master Beneficiary Summary File Base A/B/C/D V2 | ResDAC
https://resdac.org/cms-data/files/mbsf-base/data-documentation,Master Beneficiary Summary File Base A/B/C/D Data Documentation,documentation_page,,text/html,200,live,4,https://resdac.org/cms-data?page=0,Find the CMS Data File You Need | ResDAC
https://resdac.org/cms-data/files/mbsf-cost-and-use/data-documentation,Master Beneficiary Summary File Cost and Use Data Documentation,documentation_page,,text/html,200,live,4,https://resdac.org/cms-data?page=1,Find the CMS Data File You Need | ResDAC
https://resdac.org/cms-data/files/mbsf-ndi/data-documentation,Master Beneficiary Summary File National Death Index Data Documentation,documentation_page,,text/html,200,live,4,https://resdac.org/cms-data?page=1,Find the CMS Data File You Need | ResDAC
https://resdac.org/cms-data/files/mbsf-other-conditions/data-documentation,Master Beneficiary Summary File Other Chronic or Potentially Disabling Conditions Data Documentation,documentation_page,,text/html,200,live,4,https://resdac.org/cms-data?page=1,Find the CMS Data File You Need | ResDAC
https://resdac.org/cms-data/files/md-ppas/data-documentation,Medicare Data on Provider Practice and Specialty Data Documentation,documentation_page,,text/html,200,live,3,https://resdac.org/cms-data?page=3,Find the CMS Data File You Need | ResDAC
https://resdac.org/cms-data/files/mds-20/data-documentation,Long Term Care Minimum Data Set 2.0 Data Documentation,documentation_page,,text/html,200,live,3,https://resdac.org/cms-data?page=2,Find the CMS Data File You Need | ResDAC
https://resdac.org/cms-data/files/mds-30/data-documentation,Long Term Care Minimum Data Set 3.0 Data Documentation,documentation_page,,text/html,200,live,3,https://resdac.org/cms-data?page=2,Find the CMS Data File You Need | ResDAC
https://resdac.org/cms-data/files/mds-sb-20/data-documentation,Long Term Care Minimum Data Set Swing-Bed 2.0 Data Documentation,documentation_page,,text/html,200,live,3,https://resdac.org/cms-data?page=2,Find the CMS Data File You Need | ResDAC
https://resdac.org/cms-data/files/mds-sb-30/data-documentation,Long Term Care Minimum Data Set Swing-Bed 3.0 Data Documentation,documentation_page,,text/html,200,live,3,https://resdac.org/cms-data?page=2,Find the CMS Data File You Need | ResDAC
https://resdac.org/cms-data/files/medpar/data-documentation,Medicare Provider Analysis and Review Data Documentation,documentation_page,,text/html,200,live,4,https://resdac.org/cms-data?page=1,Find the CMS Data File You Need | ResDAC
https://resdac.org/cms-data/files/mesf-conditions/data-documentation,Medicaid Enrollee Supplemental File: Conditions Segment Data Documentation,documentation_page,,text/html,200,live,3,https://resdac.org/cms-data?page=2,Find the CMS Data File You Need | ResDAC
https://resdac.org/cms-data/files/mesf-ndi/data-documentation,Medicaid Enrollee Supplemental File: National Death Index Segment Data Documentation,documentation_page,,text/html,200,live,3,https://resdac.org/cms-data?page=2,Find the CMS Data File You Need | ResDAC
https://resdac.org/cms-data/files/million-hearts-model-alignment/data-documentation,Million Hearts® Model Alignment Data Documentation,documentation_page,,text/html,200,live,4,https://resdac.org/cms-data?page=0,Find the CMS Data File You Need | ResDAC
https://resdac.org/cms-data/files/million-hearts-model-beneficiary-demographic/data-documentation,Million Hearts® Model Beneficiary Demographic Data Documentation,documentation_page,,text/html,200,live,4,https://resdac.org/cms-data?page=0,Find the CMS Data File You Need | ResDAC
https://resdac.org/cms-data/files/million-hearts-model-final-clinical/data-documentation,Million Hearts® Model Final Clinical Data Documentation,documentation_page,,text/html,200,live,4,https://resdac.org/cms-data?page=0,Find the CMS Data File You Need | ResDAC
https://resdac.org/cms-data/files/million-hearts-model-practice-list/data-documentation,Million Hearts® Model Practice List Data Documentation,documentation_page,,text/html,200,live,4,https://resdac.org/cms-data?page=0,Find the CMS Data File You Need | ResDAC
https://resdac.org/cms-data/files/million-hearts-model-provider-list/data-documentation,Million Hearts® Model Provider List Data Documentation,documentation_page,,text/html,200,live,4,https://resdac.org/cms-data?page=0,Find the CMS Data File You Need | ResDAC
https://resdac.org/cms-data/files/million-hearts-model-raw-clinical/data-documentation,Million Hearts® Model Raw Clinical Data Documentation,documentation_page,,text/html,200,live,4,https://resdac.org/cms-data?page=0,Find the CMS Data File You Need | ResDAC
https://resdac.org/cms-data/files/million-hearts-model-visit/data-documentation,Million Hearts® Model Visit Data Documentation,documentation_page,,text/html,200,live,4,https://resdac.org/cms-data?page=0,Find the CMS Data File You Need | ResDAC
https://resdac.org/cms-data/files/million-hearts/data-documentation,Million Hearts® Cardiovascular Disease Risk Reduction Model Data Documentation,documentation_page,,text/html,200,live,4,https://resdac.org/cms-data?page=0,Find the CMS Data File You Need | ResDAC
https://resdac.org/cms-data/files/mmleads-2/data-documentation,Medicare-Medicaid Linked Enrollee Analytic Data Source 2.0 Data Documentation,documentation_page,,text/html,200,live,3,https://resdac.org/cms-data?page=3,Find the CMS Data File You Need | ResDAC
https://resdac.org/cms-data/files/mmleads-3/data-documentation,Medicare-Medicaid Linked Enrollee Analytic Data Source 3.0 Data Documentation,documentation_page,,text/html,200,live,4,https://resdac.org/cms-data?page=3,Find the CMS Data File You Need | ResDAC
https://resdac.org/cms-data/files/ngaco-beneficiary/data-documentation,Next Generation ACO Model Beneficiary Data Documentation,documentation_page,,text/html,200,live,3,https://resdac.org/cms-data?page=3,Find the CMS Data File You Need | ResDAC
https://resdac.org/cms-data/files/ngaco-provider/data-documentation,Next Generation ACO Model Provider Data Documentation,documentation_page,,text/html,200,live,3,https://resdac.org/cms-data?page=3,Find the CMS Data File You Need | ResDAC
https://resdac.org/cms-data/files/nhats/data-documentation,National Health and Aging Trends Study (NHATS) - Medicare Linked Data Data Documentation,documentation_page,,text/html,200,live,2,https://resdac.org/cms-data?page=3,Find the CMS Data File You Need | ResDAC
https://resdac.org/cms-data/files/oasis/data-documentation,Home Health Outcome and Assessment Information Set (OASIS) Data Documentation,documentation_page,,text/html,200,live,3,https://resdac.org/cms-data?page=2,Find the CMS Data File You Need | ResDAC
https://resdac.org/cms-data/files/ocm-clinical-and-staging/data-documentation,Oncology Care Model Clinical and Staging Data Documentation,documentation_page,,text/html,200,live,4,https://resdac.org/cms-data?page=0,Find the CMS Data File You Need | ResDAC
https://resdac.org/cms-data/files/ocm-current-clinical-status/data-documentation,Oncology Care Model Current Clinical Status Data Documentation,documentation_page,,text/html,200,live,4,https://resdac.org/cms-data?page=0,Find the CMS Data File You Need | ResDAC
https://resdac.org/cms-data/files/ocm/data-documentation,Oncology Care Model Data Documentation,documentation_page,,text/html,200,live,4,https://resdac.org/cms-data?page=0,Find the CMS Data File You Need | ResDAC
https://resdac.org/cms-data/files/op-encounter/data-documentation,Encounter Outpatient Data Documentation,documentation_page,,text/html,200,live,4,https://resdac.org/cms-data?page=1,Find the CMS Data File You Need | ResDAC
https://resdac.org/cms-data/files/op-ffs/data-documentation,Original Medicare (Fee-for-Service) Outpatient Data Documentation,documentation_page,,text/html,200,live,4,https://resdac.org/cms-data?page=1,Find the CMS Data File You Need | ResDAC
https://resdac.org/cms-data/files/part-d-drug-characteristics/data-documentation,Part D Drug Characteristics Data Documentation,documentation_page,,text/html,200,live,4,https://resdac.org/cms-data?page=1,Find the CMS Data File You Need | ResDAC
https://resdac.org/cms-data/files/part-d-formulary/data-documentation,Part D Formulary Data Documentation,documentation_page,,text/html,200,live,4,https://resdac.org/cms-data?page=1,Find the CMS Data File You Need | ResDAC
https://resdac.org/cms-data/files/part-d-mtm/data-documentation,Part D Medication Therapy Management Data Data Documentation,documentation_page,,text/html,200,live,4,https://resdac.org/cms-data?page=2,Find the CMS Data File You Need | ResDAC
https://resdac.org/cms-data/files/part-d-pharmacy-characteristics/data-documentation,Part D Pharmacy Characteristics Data Documentation,documentation_page,,text/html,200,live,4,https://resdac.org/cms-data?page=1,Find the CMS Data File You Need | ResDAC
https://resdac.org/cms-data/files/part-d-plan-election-type-beneficiary-summary/data-documentation,Part D Plan Election Type Beneficiary Summary Data Documentation,documentation_page,,text/html,200,live,4,https://resdac.org/cms-data?page=2,Find the CMS Data File You Need | ResDAC
https://resdac.org/cms-data/files/part-d-prescriber-characteristics/data-documentation,Part D Prescriber Characteristics Data Documentation,documentation_page,,text/html,200,live,4,https://resdac.org/cms-data?page=1,Find the CMS Data File You Need | ResDAC
https://resdac.org/cms-data/files/pde/data-documentation,Part D Event Data Documentation,documentation_page,,text/html,200,live,4,https://resdac.org/cms-data?page=1,Find the CMS Data File You Need | ResDAC
https://resdac.org/cms-data/files/pioneer-aco/data-documentation,Pioneer Accountable Care Organization Data Documentation,documentation_page,,text/html,200,live,4,https://resdac.org/cms-data?page=3,Find the CMS Data File You Need | ResDAC
https://resdac.org/cms-data/files/plan-characteristics/data-documentation,Plan Characteristics Data Documentation,documentation_page,,text/html,200,live,7,https://resdac.org/cms-data?page=2,Find the CMS Data File You Need | ResDAC
https://resdac.org/cms-data/files/risk-score-base/data-documentation,Risk Score Operational Payment Base File Data Documentation,documentation_page,,text/html,200,live,2,https://resdac.org/cms-data?page=0,Find the CMS Data File You Need | ResDAC
https://resdac.org/cms-data/files/risk-score-mofs/data-documentation,Risk Score Model Output Files Data Documentation,documentation_page,,text/html,200,live,2,https://resdac.org/cms-data?page=0,Find the CMS Data File You Need | ResDAC
https://resdac.org/cms-data/files/snf-encounter/data-documentation,Encounter Skilled Nursing Facility Data Documentation,documentation_page,,text/html,200,live,4,https://resdac.org/cms-data?page=1,Find the CMS Data File You Need | ResDAC
https://resdac.org/cms-data/files/snf-ffs/data-documentation,Original Medicare (Fee-for-Service) Skilled Nursing Facility Data Documentation,documentation_page,,text/html,200,live,4,https://resdac.org/cms-data?page=1,Find the CMS Data File You Need | ResDAC
https://resdac.org/cms-data/files/ssp-aco-beneficiary/data-documentation,Shared Savings Program Accountable Care Organizations Beneficiary-level Data Documentation,documentation_page,,text/html,200,live,3,https://resdac.org/cms-data?page=3,Find the CMS Data File You Need | ResDAC
https://resdac.org/cms-data/files/ssp-aco-provider/data-documentation,Shared Savings Program Accountable Care Organizations Provider-level Data Documentation,documentation_page,,text/html,200,live,3,https://resdac.org/cms-data?page=3,Find the CMS Data File You Need | ResDAC
https://resdac.org/cms-data/files/taf-apl/data-documentation,T-MSIS Analytic File Annual Managed Care Plan Data Documentation,documentation_page,,text/html,200,live,4,https://resdac.org/cms-data?page=2,Find the CMS Data File You Need | ResDAC
https://resdac.org/cms-data/files/taf-apr/data-documentation,T-MSIS Analytic File Annual Provider Data Documentation,documentation_page,,text/html,200,live,4,https://resdac.org/cms-data?page=2,Find the CMS Data File You Need | ResDAC
https://resdac.org/cms-data/files/taf-de/data-documentation,T-MSIS Analytic File Demographic and Eligibility Data Documentation,documentation_page,,text/html,200,live,4,https://resdac.org/cms-data?page=2,Find the CMS Data File You Need | ResDAC
https://resdac.org/cms-data/files/taf-ip/data-documentation,T-MSIS Analytic File Inpatient Data Documentation,documentation_page,,text/html,200,live,4,https://resdac.org/cms-data?page=2,Find the CMS Data File You Need | ResDAC
https://resdac.org/cms-data/files/taf-lt/data-documentation,T-MSIS Analytic File Long Term Care Data Documentation,documentation_page,,text/html,200,live,4,https://resdac.org/cms-data?page=2,Find the CMS Data File You Need | ResDAC
https://resdac.org/cms-data/files/taf-ot/data-documentation,T-MSIS Analytic File Other Services Data Documentation,documentation_page,,text/html,200,live,4,https://resdac.org/cms-data?page=2,Find the CMS Data File You Need | ResDAC
https://resdac.org/cms-data/files/taf-rx/data-documentation,T-MSIS Analytic File Pharmacy Data Documentation,documentation_page,,text/html,200,live,4,https://resdac.org/cms-data?page=2,Find the CMS Data File You Need | ResDAC
https://resdac.org/cms-data/files/vm-beneficiary/data-documentation,Value Modifier Beneficiary-Level Data Documentation,documentation_page,,text/html,200,live,3,https://resdac.org/cms-data?page=3,Find the CMS Data File You Need | ResDAC
https://resdac.org/cms-data/files/vm-npi-practice/data-documentation,Value Modifier NPI Practice-Level Data Documentation,documentation_page,,text/html,200,live,3,https://resdac.org/cms-data?page=3,Find the CMS Data File You Need | ResDAC
https://resdac.org/cms-data/files/vm-practice/data-documentation,Value Modifier Practice-Level Data Documentation,documentation_page,,text/html,200,live,3,https://resdac.org/cms-data?page=3,Find the CMS Data File You Need | ResDAC
https://cms.gov/Regulations-and-Guidance/Guidance/Manuals/Downloads/bp102c07.pdf,home health covered services,asset,pdf,application/pdf,200,live,0,https://resdac.org/cms-data?page=1,Find the CMS Data File You Need | ResDAC
https://cms.gov/files/document/prior-authorization-non-emergent-hyperbaric-oxygen.pdf,Prior Authorization of Non-Emergent Hyperbaric Oxygen (HBO) Therapy,asset,pdf,application/pdf,200,live,0,https://resdac.org/cms-data/files/cmmi-model-data-sharing-cmds-model-participation-data-initiative,CMMI Model Data Sharing (CMDS) Model Participation Data Initiative | ResDAC
https://gpo.gov/fdsys/pkg/CFR-2012-title42-vol3/pdf/CFR-2012-title42-vol3-sec423-153.pdf,by federal regulations,asset,pdf,application/pdf,200,live,0,https://resdac.org/cms-data?page=2,Find the CMS Data File You Need | ResDAC
https://resdac.org/sites/datadocumentation.resdac.org/files/2022-10/MAX%20TAF%20Availability%20Matrix.xlsx,MAX TAF Availability Matrix.xlsx,asset,xlsx,application/vnd.openxmlformats-officedocument.spreadsheetml.sheet,200,live,0,https://resdac.org/cms-data/files/taf-de,T-MSIS Analytic File Demographic and Eligibility | ResDAC
https://resdac.org/sites/datadocumentation.resdac.org/files/2025-02/record-layout-value-modifier-bene-level-rif-perf-year-2016.xlsx,record-layout-value-modifier-bene-level-rif-perf-year-2016.xlsx,asset,xlsx,application/vnd.openxmlformats-officedocument.spreadsheetml.sheet,200,live,0,https://resdac.org/cms-data/files/vm-beneficiary/data-documentation,Data Documentation | ResDAC
https://resdac.org/sites/datadocumentation.resdac.org/files/2025-02/record-layout-value-modifier-npi-practice-level-rif-perf-year-2016.xlsx,record-layout-value-modifier-npi-practice-level-rif-perf-year-2016.xlsx,asset,xlsx,application/vnd.openxmlformats-officedocument.spreadsheetml.sheet,200,live,0,https://resdac.org/cms-data/files/vm-npi-practice/data-documentation,Data Documentation | ResDAC
https://resdac.org/sites/datadocumentation.resdac.org/files/2025-02/record-layout-value-modifier-practice-level-rif-perf-year-2016.xlsx,record-layout-value-modifier-practice-level-rif-perf-year-2016.xlsx,asset,xlsx,application/vnd.openxmlformats-officedocument.spreadsheetml.sheet,200,live,0,https://resdac.org/cms-data/files/vm-practice/data-documentation,Data Documentation | ResDAC
https://resdac.org/sites/datadocumentation.resdac.org/files/2026-05/FFS_CAHPS_DataDictionary_2025_CCW.pdf,CCW Data Dictionary - Original Medicare (Fee-for-Service) CAHPS,asset,pdf,application/pdf,200,live,0,https://resdac.org/cms-data/files/cahps/data-documentation,Data Documentation | ResDAC
https://resdac.org/sites/datadocumentation.resdac.org/files/2026-05/MA_PDP_CAHPS_DataDictionary_2025_CCW.pdf,CCW Data Dictionary - MA-PDP CAHPS,asset,pdf,application/pdf,200,live,0,https://resdac.org/cms-data/files/cahps/data-documentation,Data Documentation | ResDAC
https://www2.ccwdata.org/documents/10280/19002246/operational-payment-risk-score-user-guide.pdf,CCW Medicare Risk Score Files User Guide,asset,pdf,application/pdf,200,live,0,https://resdac.org/cms-data/files/risk-score-mofs,Risk Score Model Output Files | ResDAC
https://www2.ccwdata.org/documents/10280/19002256/ccw-condition-categories-impact-of-transition-from-27-to-30.pdf,Chronic Conditions File Enhancements white paper,asset,pdf,application/pdf,200,live,0,https://resdac.org/cms-data/files/mbsf-30-cc,Master Beneficiary Summary File 30 CCW Chronic Conditions | ResDAC
https://www2.ccwdata.org/documents/10280/19022436/Codebook-MedPAR.pdf,CCW Codebook - MedPAR,asset,pdf,application/pdf,200,live,0,https://resdac.org/cms-data/files/medpar/data-documentation,Data Documentation | ResDAC
https://www2.ccwdata.org/documents/10280/19022436/codebook-aco-pioneer-v2.pdf,CCW Codebook - Accountable Care Organizations (ACO) Pioneer,asset,pdf,application/pdf,200,live,0,https://resdac.org/cms-data/files/pioneer-aco/data-documentation,Data Documentation | ResDAC
https://www2.ccwdata.org/documents/10280/19022436/codebook-ahc.pdf,CCW Codebook - Accountable Health Communities (AHC) Model,asset,pdf,application/pdf,200,live,0,https://resdac.org/cms-data/files/ahc-model/data-documentation,Data Documentation | ResDAC
https://www2.ccwdata.org/documents/10280/19022436/codebook-ahcah.pdf,CCW Codebook - AHCAH Patient,asset,pdf,application/pdf,200,live,0,https://resdac.org/cms-data/files/ahcah-patient/data-documentation,Data Documentation | ResDAC
https://www2.ccwdata.org/documents/10280/19022436/codebook-encounter-records.pdf,CCW Codebook - Medicare Encounter Records,asset,pdf,application/pdf,200,live,0,https://resdac.org/cms-data/files/ip-encounter/data-documentation,Data Documentation | ResDAC
https://www2.ccwdata.org/documents/10280/19022436/codebook-ffs-claims.pdf,CCW Codebook - Medicare Fee-For-Service (FFS) Claims,asset,pdf,application/pdf,200,live,0,https://resdac.org/cms-data/files/ip-ffs/data-documentation,Data Documentation | ResDAC
https://www2.ccwdata.org/documents/10280/19022436/codebook-mbsf-abcd-v2.pdf,CCW Codebook - MBSF Base A/B/C/D V2,asset,pdf,application/pdf,200,live,0,https://resdac.org/cms-data/files/mbsf-base-v2/data-documentation,Data Documentation | ResDAC
https://www2.ccwdata.org/documents/10280/19022436/codebook-mbsf-abcd.pdf,CCW Codebook - MBSF Base A/B/C/D,asset,pdf,application/pdf,200,live,0,https://resdac.org/cms-data/files/mbsf-base/data-documentation,Data Documentation | ResDAC
https://www2.ccwdata.org/documents/10280/19022436/codebook-mbsf-cc.pdf,CCW Codebook - MBSF 27 CCW Chronic Conditions,asset,pdf,application/pdf,200,live,0,https://resdac.org/cms-data/files/mbsf-27-cc/data-documentation,Data Documentation | ResDAC
https://www2.ccwdata.org/documents/10280/19022436/codebook-mbsf-chronic.pdf,CCW Codebook - MBSF 30 CCW Chronic Conditions,asset,pdf,application/pdf,200,live,0,https://resdac.org/cms-data/files/mbsf-30-cc/data-documentation,Data Documentation | ResDAC
https://www2.ccwdata.org/documents/10280/19022436/codebook-mbsf-cu.pdf,CCW Codebook - MBSF Cost and Use,asset,pdf,application/pdf,200,live,0,https://resdac.org/cms-data/files/mbsf-cost-and-use/data-documentation,Data Documentation | ResDAC
https://www2.ccwdata.org/documents/10280/19022436/codebook-mbsf-ndi.pdf,CCW Codebook - MBSF National Death Index (NDI),asset,pdf,application/pdf,200,live,0,https://resdac.org/cms-data/files/mbsf-ndi/data-documentation,Data Documentation | ResDAC
https://www2.ccwdata.org/documents/10280/19022436/codebook-mbsf-other.pdf,CCW Codebook - MBSF Other Chronic or Potentially Disabling Conditions,asset,pdf,application/pdf,200,live,0,https://resdac.org/cms-data/files/mbsf-other-conditions/data-documentation,Data Documentation | ResDAC
https://www2.ccwdata.org/documents/10280/19022436/codebook-mmleads.pdf,CCW Codebook - MMLEADS (2016-2021),asset,pdf,application/pdf,200,live,0,https://resdac.org/cms-data/files/mmleads-3/data-documentation,Data Documentation | ResDAC
https://www2.ccwdata.org/documents/10280/19022436/codebook-ocm.pdf,CCW Codebook - Oncology Care Model,asset,pdf,application/pdf,200,live,0,https://resdac.org/cms-data/files/ocm-current-clinical-status/data-documentation,Data Documentation | ResDAC
https://www2.ccwdata.org/documents/10280/19022436/codebook-pde.pdf,CCW Codebook - Medicare Part D Event (PDE)/Drug Characteristics,asset,pdf,application/pdf,200,live,0,https://resdac.org/cms-data/files/pde/data-documentation,Data Documentation | ResDAC
https://www2.ccwdata.org/documents/10280/19022436/codebook-plan-char.pdf,CCW Codebook - Plan Characteristics (2015-2024),asset,pdf,application/pdf,200,live,0,https://resdac.org/cms-data/files/plan-characteristics/data-documentation,Data Documentation | ResDAC
https://www2.ccwdata.org/documents/10280/19022436/codebook-ptd-formulary.pdf,CCW Codebook - Part D Formulary,asset,pdf,application/pdf,200,live,0,https://resdac.org/cms-data/files/part-d-formulary/data-documentation,Data Documentation | ResDAC
https://www2.ccwdata.org/documents/10280/19022436/codebook-ptd-mtm.pdf,CCW Codebook - Part D Medication Therapy Management,asset,pdf,application/pdf,200,live,0,https://resdac.org/cms-data/files/part-d-mtm/data-documentation,Data Documentation | ResDAC
https://www2.ccwdata.org/documents/10280/19022436/codebook-ptd-pharm-char.pdf,CCW Codebook - Part D Pharmacy Characteristics,asset,pdf,application/pdf,200,live,0,https://resdac.org/cms-data/files/part-d-pharmacy-characteristics/data-documentation,Data Documentation | ResDAC
https://www2.ccwdata.org/documents/10280/19022436/codebook-ptd-plan-char-2007-2014.pdf,CCW Codebook - Part D Plan Characteristics (2007-2014),asset,pdf,application/pdf,200,live,0,https://resdac.org/cms-data/files/plan-characteristics/data-documentation,Data Documentation | ResDAC
https://www2.ccwdata.org/documents/10280/19022436/codebook-ptd-plan-election-type-beneficiary-summary-file.pdf,CCW Codebook - Medicare Part D Plan Election Type Beneficiary Summary,asset,pdf,application/pdf,200,live,0,https://resdac.org/cms-data/files/part-d-plan-election-type-beneficiary-summary/data-documentation,Data Documentation | ResDAC
https://www2.ccwdata.org/documents/10280/19022436/codebook-ptd-prescriber-char.pdf,CCW Codebook - Part D Prescriber Characteristics,asset,pdf,application/pdf,200,live,0,https://resdac.org/cms-data/files/part-d-prescriber-characteristics/data-documentation,Data Documentation | ResDAC
https://www2.ccwdata.org/documents/10280/19022436/codebook-taf-annual-plan.pdf,CCW Codebook - T-MSIS Analytic File (TAF) Annual,asset,pdf,application/pdf,200,live,0,https://resdac.org/cms-data/files/taf-apl/data-documentation,Data Documentation | ResDAC
https://www2.ccwdata.org/documents/10280/19022436/codebook-taf-annual-provider.pdf,CCW Codebook - T-MSIS Analytic File (TAF) Annual Provider,asset,pdf,application/pdf,200,live,0,https://resdac.org/cms-data/files/taf-apr/data-documentation,Data Documentation | ResDAC
https://www2.ccwdata.org/documents/10280/19022436/codebook-taf-claims.pdf,CCW Codebook - T-MSIS Analytic File (TAF) Claims,asset,pdf,application/pdf,200,live,0,https://resdac.org/cms-data/files/taf-ip/data-documentation,Data Documentation | ResDAC
https://www2.ccwdata.org/documents/10280/19022436/codebook-taf-demographic-eligibility.pdf,CCW Codebook - T-MSIS Analytic File (TAF) Demographic and Eligibility,asset,pdf,application/pdf,200,live,0,https://resdac.org/cms-data/files/taf-de/data-documentation,Data Documentation | ResDAC
https://www2.ccwdata.org/documents/10280/19022436/million-hearts-codebook.pdf,CCW Codebook - Million Hearts® Model files,asset,pdf,application/pdf,200,live,0,https://resdac.org/cms-data/files/million-hearts/data-documentation,Data Documentation | ResDAC
https://www2.ccwdata.org/documents/10280/19022436/record-layout-aco-pioneer-v2.xlsx,CCW Record Layout - Accountable Care Organizations (ACO) Pioneer,asset,xlsx,application/vnd.openxmlformats-officedocument.spreadsheetml.sheet,200,live,0,https://resdac.org/cms-data/files/pioneer-aco/data-documentation,Data Documentation | ResDAC
https://www2.ccwdata.org/documents/10280/19022436/record-layout-aco-ssp-bene.xlsx,CCW Record Layout - SSP ACO Beneficiary,asset,xlsx,application/vnd.openxmlformats-officedocument.spreadsheetml.sheet,200,live,0,https://resdac.org/cms-data/files/ssp-aco-beneficiary/data-documentation,Data Documentation | ResDAC
https://www2.ccwdata.org/documents/10280/19022436/record-layout-aco-ssp-prov.xlsx,CCW Record Layout - SSP ACO Provider,asset,xlsx,application/vnd.openxmlformats-officedocument.spreadsheetml.sheet,200,live,0,https://resdac.org/cms-data/files/ssp-aco-provider/data-documentation,Data Documentation | ResDAC
https://www2.ccwdata.org/documents/10280/19022436/record-layout-ahc.xlsx,CCW Record Layout - Accountable Health Communities (AHC) Model,asset,xlsx,application/vnd.openxmlformats-officedocument.spreadsheetml.sheet,200,live,0,https://resdac.org/cms-data/files/ahc-model/data-documentation,Data Documentation | ResDAC
https://www2.ccwdata.org/documents/10280/19022436/record-layout-ahcah.xlsx,CCW Record Layout - AHCAH Patient,asset,xlsx,application/vnd.openxmlformats-officedocument.spreadsheetml.sheet,200,live,0,https://resdac.org/cms-data/files/ahcah-patient/data-documentation,Data Documentation | ResDAC
https://www2.ccwdata.org/documents/10280/19022436/record-layout-cec.xlsx,CCW Record Layout - Comprehensive ESRD Care (CEC) Model,asset,xlsx,application/vnd.openxmlformats-officedocument.spreadsheetml.sheet,200,live,0,https://resdac.org/cms-data/files/cec-beneficiary/data-documentation,Data Documentation | ResDAC
https://www2.ccwdata.org/documents/10280/19022436/record-layout-cmds.xlsx,CCW Record Layout - CMDS,asset,xlsx,application/vnd.openxmlformats-officedocument.spreadsheetml.sheet,200,live,0,https://resdac.org/cms-data/files/cmds-beneficiary/data-documentation,Data Documentation | ResDAC
https://www2.ccwdata.org/documents/10280/19022436/record-layout-encounter-records.xlsx,CCW Record Layout - Medicare Encounter Records,asset,xlsx,application/vnd.openxmlformats-officedocument.spreadsheetml.sheet,200,live,0,https://resdac.org/cms-data/files/ip-encounter/data-documentation,Data Documentation | ResDAC
https://www2.ccwdata.org/documents/10280/19022436/record-layout-ffs-claims.xlsx,CCW Record Layout - Medicare Fee-For-Service (FFS) Claims,asset,xlsx,application/vnd.openxmlformats-officedocument.spreadsheetml.sheet,200,live,0,https://resdac.org/cms-data/files/ip-ffs/data-documentation,Data Documentation | ResDAC
https://www2.ccwdata.org/documents/10280/19022436/record-layout-hedis.xlsx,CCW Record Layout - HEDIS,asset,xlsx,application/vnd.openxmlformats-officedocument.spreadsheetml.sheet,200,live,0,https://resdac.org/cms-data/files/hedis-rif/data-documentation,Data Documentation | ResDAC
https://www2.ccwdata.org/documents/10280/19022436/record-layout-irf.xlsx,CCW Record Layout - IRF-PAI,asset,xlsx,application/vnd.openxmlformats-officedocument.spreadsheetml.sheet,200,live,0,https://resdac.org/cms-data/files/irf-pai/data-documentation,Data Documentation | ResDAC
https://www2.ccwdata.org/documents/10280/19022436/record-layout-max.xlsx,CCW Record Layout - MAX,asset,xlsx,application/vnd.openxmlformats-officedocument.spreadsheetml.sheet,200,live,0,https://resdac.org/cms-data/files/max-ps/data-documentation,Data Documentation | ResDAC
https://www2.ccwdata.org/documents/10280/19022436/record-layout-mbisg.xlsx,CCW Record Layout - Medicare Bayesian Improved Surname Geocoding (MBISG),asset,xlsx,application/vnd.openxmlformats-officedocument.spreadsheetml.sheet,200,live,0,https://resdac.org/cms-data/files/mbisg/data-documentation,Data Documentation | ResDAC
https://www2.ccwdata.org/documents/10280/19022436/record-layout-mbsf-abcd.xlsx,CCW Record Layout - MBSF Base A/B/C/D,asset,xlsx,application/vnd.openxmlformats-officedocument.spreadsheetml.sheet,200,live,0,https://resdac.org/cms-data/files/mbsf-base/data-documentation,Data Documentation | ResDAC
https://www2.ccwdata.org/documents/10280/19022436/record-layout-mbsf-abcd_v2.xlsx,CCW Record Layout - MBSF Base A/B/C/D V2,asset,xlsx,application/vnd.openxmlformats-officedocument.spreadsheetml.sheet,200,live,0,https://resdac.org/cms-data/files/mbsf-base-v2/data-documentation,Data Documentation | ResDAC
https://www2.ccwdata.org/documents/10280/19022436/record-layout-mbsf-cc.xlsx,CCW Record Layout - MBSF 27 CCW Chronic Conditions,asset,xlsx,application/vnd.openxmlformats-officedocument.spreadsheetml.sheet,200,live,0,https://resdac.org/cms-data/files/mbsf-27-cc/data-documentation,Data Documentation | ResDAC
https://www2.ccwdata.org/documents/10280/19022436/record-layout-mbsf-chronic.xlsx,CCW Record Layout - MBSF 30 CCW Chronic Conditions,asset,xlsx,application/vnd.openxmlformats-officedocument.spreadsheetml.sheet,200,live,0,https://resdac.org/cms-data/files/mbsf-30-cc/data-documentation,Data Documentation | ResDAC
https://www2.ccwdata.org/documents/10280/19022436/record-layout-mbsf-cu.xlsx,CCW Record Layout - MBSF Cost and Use,asset,xlsx,application/vnd.openxmlformats-officedocument.spreadsheetml.sheet,200,live,0,https://resdac.org/cms-data/files/mbsf-cost-and-use/data-documentation,Data Documentation | ResDAC
https://www2.ccwdata.org/documents/10280/19022436/record-layout-mbsf-ndi.xlsx,CCW Record Layout - MBSF National Death Index (NDI),asset,xlsx,application/vnd.openxmlformats-officedocument.spreadsheetml.sheet,200,live,0,https://resdac.org/cms-data/files/mbsf-ndi/data-documentation,Data Documentation | ResDAC
https://www2.ccwdata.org/documents/10280/19022436/record-layout-mbsf-other.xlsx,CCW Record Layout - MBSF Other Chronic or Potentially Disabling Conditions,asset,xlsx,application/vnd.openxmlformats-officedocument.spreadsheetml.sheet,200,live,0,https://resdac.org/cms-data/files/mbsf-other-conditions/data-documentation,Data Documentation | ResDAC
https://www2.ccwdata.org/documents/10280/19022436/record-layout-mdppas.pdf,CCW Codebook - MD-PPAS,asset,pdf,application/pdf,200,live,0,https://resdac.org/cms-data/files/md-ppas/data-documentation,Data Documentation | ResDAC
https://www2.ccwdata.org/documents/10280/19022436/record-layout-mds-2-0.xlsx,CCW Record Layout - MDS 2.0,asset,xlsx,application/vnd.openxmlformats-officedocument.spreadsheetml.sheet,200,live,0,https://resdac.org/cms-data/files/mds-20/data-documentation,Data Documentation | ResDAC
https://www2.ccwdata.org/documents/10280/19022436/record-layout-mds-3-0.xlsx,CCW Record Layout - MDS 3.0,asset,xlsx,application/vnd.openxmlformats-officedocument.spreadsheetml.sheet,200,live,0,https://resdac.org/cms-data/files/mds-30/data-documentation,Data Documentation | ResDAC
https://www2.ccwdata.org/documents/10280/19022436/record-layout-medpar.xlsx,CCW Record Layout - MedPAR,asset,xlsx,application/vnd.openxmlformats-officedocument.spreadsheetml.sheet,200,live,0,https://resdac.org/cms-data/files/medpar/data-documentation,Data Documentation | ResDAC
https://www2.ccwdata.org/documents/10280/19022436/record-layout-mesf-cc.xlsx,CCW Record Layout - MESF Conditions,asset,xlsx,application/vnd.openxmlformats-officedocument.spreadsheetml.sheet,200,live,0,https://resdac.org/cms-data/files/mesf-conditions/data-documentation,Data Documentation | ResDAC
https://www2.ccwdata.org/documents/10280/19022436/record-layout-mesf-ndi.xlsx,CCW Record Layout - Medicaid Enrollee Supplemental File (MESF): National Death Index (NDI),asset,xlsx,application/vnd.openxmlformats-officedocument.spreadsheetml.sheet,200,live,0,https://resdac.org/cms-data/files/mesf-ndi/data-documentation,Data Documentation | ResDAC
https://www2.ccwdata.org/documents/10280/19022436/record-layout-million-hearts.xlsx,CCW Record Layout - Million Hearts® Model files,asset,xlsx,application/vnd.openxmlformats-officedocument.spreadsheetml.sheet,200,live,0,https://resdac.org/cms-data/files/million-hearts/data-documentation,Data Documentation | ResDAC
https://www2.ccwdata.org/documents/10280/19022436/record-layout-mmleads-2006-2012.xlsx,CCW Record Layout - MMLEADS (2006-2012),asset,xlsx,application/vnd.openxmlformats-officedocument.spreadsheetml.sheet,200,live,0,https://resdac.org/cms-data/files/mmleads-2/data-documentation,Data Documentation | ResDAC
https://www2.ccwdata.org/documents/10280/19022436/record-layout-mmleads.xlsx,CCW Record Layout - MMLEADS (2016-2021),asset,xlsx,application/vnd.openxmlformats-officedocument.spreadsheetml.sheet,200,live,0,https://resdac.org/cms-data/files/mmleads-3/data-documentation,Data Documentation | ResDAC
https://www2.ccwdata.org/documents/10280/19022436/record-layout-next-generation.xlsx,CCW Record Layout - Next Generation ACO Model,asset,xlsx,application/vnd.openxmlformats-officedocument.spreadsheetml.sheet,200,live,0,https://resdac.org/cms-data/files/ngaco-beneficiary/data-documentation,Data Documentation | ResDAC
https://www2.ccwdata.org/documents/10280/19022436/record-layout-oasis.xlsx,CCW Record Layout - OASIS,asset,xlsx,application/vnd.openxmlformats-officedocument.spreadsheetml.sheet,200,live,0,https://resdac.org/cms-data/files/oasis/data-documentation,Data Documentation | ResDAC
https://www2.ccwdata.org/documents/10280/19022436/record-layout-ocm.xlsx,CCW Record Layout - Oncology Care Model,asset,xlsx,application/vnd.openxmlformats-officedocument.spreadsheetml.sheet,200,live,0,https://resdac.org/cms-data/files/ocm-current-clinical-status/data-documentation,Data Documentation | ResDAC
https://www2.ccwdata.org/documents/10280/19022436/record-layout-pde.xlsx,CCW Record Layout - Medicare Part D Event (PDE)/Drug Characteristics,asset,xlsx,application/vnd.openxmlformats-officedocument.spreadsheetml.sheet,200,live,0,https://resdac.org/cms-data/files/pde/data-documentation,Data Documentation | ResDAC
https://www2.ccwdata.org/documents/10280/19022436/record-layout-pharm-char.xlsx,CCW Record Layout - Part D Pharmacy Characteristics,asset,xlsx,application/vnd.openxmlformats-officedocument.spreadsheetml.sheet,200,live,0,https://resdac.org/cms-data/files/part-d-pharmacy-characteristics/data-documentation,Data Documentation | ResDAC
https://www2.ccwdata.org/documents/10280/19022436/record-layout-plan-char.xlsx,CCW Record Layout - Plan Characteristics (2015-2024),asset,xlsx,application/vnd.openxmlformats-officedocument.spreadsheetml.sheet,200,live,0,https://resdac.org/cms-data/files/plan-characteristics/data-documentation,Data Documentation | ResDAC
https://www2.ccwdata.org/documents/10280/19022436/record-layout-ptd-formulary.xlsx,CCW Record Layout - Part D Formulary,asset,xlsx,application/vnd.openxmlformats-officedocument.spreadsheetml.sheet,200,live,0,https://resdac.org/cms-data/files/part-d-formulary/data-documentation,Data Documentation | ResDAC
https://www2.ccwdata.org/documents/10280/19022436/record-layout-ptd-mtm.xlsx,CCW Record Layout - Part D Medication Therapy Management,asset,xlsx,application/vnd.openxmlformats-officedocument.spreadsheetml.sheet,200,live,0,https://resdac.org/cms-data/files/part-d-mtm/data-documentation,Data Documentation | ResDAC
https://www2.ccwdata.org/documents/10280/19022436/record-layout-ptd-plan-char-2006.xlsx,CCW Record Layout - Part D Plan Characteristics (2006),asset,xlsx,application/vnd.openxmlformats-officedocument.spreadsheetml.sheet,200,live,0,https://resdac.org/cms-data/files/plan-characteristics/data-documentation,Data Documentation | ResDAC
https://www2.ccwdata.org/documents/10280/19022436/record-layout-ptd-plan-char-2007-2014.xlsx,CCW Record Layout - Part D Plan Characteristics (2007-2014),asset,xlsx,application/vnd.openxmlformats-officedocument.spreadsheetml.sheet,200,live,0,https://resdac.org/cms-data/files/plan-characteristics/data-documentation,Data Documentation | ResDAC
https://www2.ccwdata.org/documents/10280/19022436/record-layout-ptd-plan-election-type-beneficiary-summary-file.xlsx,CCW Record Layout - Medicare Part D Plan Election Type Beneficiary Summary,asset,xlsx,application/vnd.openxmlformats-officedocument.spreadsheetml.sheet,200,live,0,https://resdac.org/cms-data/files/part-d-plan-election-type-beneficiary-summary/data-documentation,Data Documentation | ResDAC
https://www2.ccwdata.org/documents/10280/19022436/record-layout-ptd-prescriber-char.xlsx,CCW Record Layout - Part D Prescriber Characteristics,asset,xlsx,application/vnd.openxmlformats-officedocument.spreadsheetml.sheet,200,live,0,https://resdac.org/cms-data/files/part-d-prescriber-characteristics/data-documentation,Data Documentation | ResDAC
https://www2.ccwdata.org/documents/10280/19022436/record-layout-sb-2-0.xlsx,CCW Record Layout - Swing Bed 2.0,asset,xlsx,application/vnd.openxmlformats-officedocument.spreadsheetml.sheet,200,live,0,https://resdac.org/cms-data/files/mds-sb-20/data-documentation,Data Documentation | ResDAC
https://www2.ccwdata.org/documents/10280/19022436/record-layout-sb-3-0.xlsx,CCW Record Layout - Swing Bed 3.0,asset,xlsx,application/vnd.openxmlformats-officedocument.spreadsheetml.sheet,200,live,0,https://resdac.org/cms-data/files/mds-sb-30/data-documentation,Data Documentation | ResDAC
https://www2.ccwdata.org/documents/10280/19022436/record-layout-taf-annual-plan.xlsx,CCW Record Layout - T-MSIS Analytic File (TAF) Annual Managed Care Plan,asset,xlsx,application/vnd.openxmlformats-officedocument.spreadsheetml.sheet,200,live,0,https://resdac.org/cms-data/files/taf-apl/data-documentation,Data Documentation | ResDAC
https://www2.ccwdata.org/documents/10280/19022436/record-layout-taf-annual-provider.xlsx,CCW Record Layout - T-MSIS Analytic File (TAF) Annual Provider,asset,xlsx,application/vnd.openxmlformats-officedocument.spreadsheetml.sheet,200,live,0,https://resdac.org/cms-data/files/taf-apr/data-documentation,Data Documentation | ResDAC
https://www2.ccwdata.org/documents/10280/19022436/record-layout-taf-claims.xlsx,CCW Record Layout - T-MSIS Analytic File (TAF) Claims,asset,xlsx,application/vnd.openxmlformats-officedocument.spreadsheetml.sheet,200,live,0,https://resdac.org/cms-data/files/taf-ip/data-documentation,Data Documentation | ResDAC
https://www2.ccwdata.org/documents/10280/19022436/record-layout-taf-demographic-eligibility.xlsx,CCW Record Layout - T-MSIS Analytic File (TAF) Demographic and Eligibility,asset,xlsx,application/vnd.openxmlformats-officedocument.spreadsheetml.sheet,200,live,0,https://resdac.org/cms-data/files/taf-de/data-documentation,Data Documentation | ResDAC
