source_id,target_id,relationship,source_url,local_path,sha256
ahc-model,program_medicare-medicaid,belongs_to,https://resdac.org/cms-data/files/ahc-model,data/raw/html/dataset_page/1c35797b5493f4e27d3fcca1632661f8063b4618.html,5da2338b935c0279d1480bebd0478b04b72299bf00cd7af62f1da23861e2a29a
ahcah-hospital,program_medicare,belongs_to,https://resdac.org/cms-data/files/ahcah-hospital,data/raw/html/dataset_page/1bc1428ed5b3cd286fd5e01f6f6ec6c9bfcd5ca4.html,9a33cbe27c07b40f205c89f73bce5986128c666baba2f21d5fd1bca045ca9cc5
ahcah-hospital,ahcah-patient,related_to,https://resdac.org/cms-data/files/ahcah-hospital,data/raw/html/dataset_page/1bc1428ed5b3cd286fd5e01f6f6ec6c9bfcd5ca4.html,9a33cbe27c07b40f205c89f73bce5986128c666baba2f21d5fd1bca045ca9cc5
ahcah-patient,program_medicare-medicaid,belongs_to,https://resdac.org/cms-data/files/ahcah-patient,data/raw/html/dataset_page/e4e7d441e332e7ddf0868ff151091dc1906c9165.html,51445e7bd0ee2e59ba350b59cffe27bcea7a81e921efb7787a62b363653ed7e2
ahcah-patient,ahcah-hospital,related_to,https://resdac.org/cms-data/files/ahcah-patient,data/raw/html/dataset_page/e4e7d441e332e7ddf0868ff151091dc1906c9165.html,51445e7bd0ee2e59ba350b59cffe27bcea7a81e921efb7787a62b363653ed7e2
cahps,program_medicare,belongs_to,https://resdac.org/cms-data/files/cahps,data/raw/html/dataset_page/4ea2b9eba73e8e42fe95c34773820b28b0ae4def.html,aa2b25d6ea41a2ed3ef8409718ae043787b39c65bdda7dcf45c508409a71184a
carrier-encounter,program_medicare,belongs_to,https://resdac.org/cms-data/files/carrier-encounter,data/raw/html/dataset_page/cd641d32e7c9025a275a13684b1e14a7acc25157.html,c7f2c0190aeb152a255ed0c38fa97ccc9481fe83d6033b08befd523c434b4da7
carrier-encounter,program_medicare,belongs_to,https://resdac.org/cms-data/files/carrier-encounter?page=1,data/raw/html/dataset_page/3fc3fad128988cbf5f0a1b39005e72e895d911c4.html,2610215fce91c1390ea72171ddade8b97bcf376a34d64a0247d16e326bfabf9e
carrier-ffs,program_medicare,belongs_to,https://resdac.org/cms-data/files/carrier-ffs,data/raw/html/dataset_page/59d788b5a532d93ac4dca20f9c258cc797fe6cb6.html,315eeec7bb6e42365dce3801a204140f40a69dcc4dbd388f02ed4109b2c117f6
carrier-ffs,program_medicare,belongs_to,https://resdac.org/cms-data/files/carrier-ffs?page=1,data/raw/html/dataset_page/a0834096ab82dc7c9a202c8f0be41ea79431fc37.html,1ae7963b17b281473259cfaf8d7cc2b94dcbeefbac907c5d1c018835a8bc9313
cec-beneficiary,program_medicare,belongs_to,https://resdac.org/cms-data/files/cec-beneficiary,data/raw/html/dataset_page/7ffb06ad7fac8c92018706113a0d19ecec652fb2.html,b826b18ee7023acc7c535c3f261e7a8a1c514572e0c7dc13178a95f8ccacacce
cec-beneficiary,cec-provider,related_to,https://resdac.org/cms-data/files/cec-beneficiary,data/raw/html/dataset_page/7ffb06ad7fac8c92018706113a0d19ecec652fb2.html,b826b18ee7023acc7c535c3f261e7a8a1c514572e0c7dc13178a95f8ccacacce
cec-provider,program_medicare,belongs_to,https://resdac.org/cms-data/files/cec-provider,data/raw/html/dataset_page/a1cc7713cc9e8cb23fc129b4faf71274faea54dc.html,ee651efd8e0496a2d2e10851dce9acc11e3af61b260c722a4308aa87fb84d52b
cec-provider,cec-beneficiary,related_to,https://resdac.org/cms-data/files/cec-provider,data/raw/html/dataset_page/a1cc7713cc9e8cb23fc129b4faf71274faea54dc.html,ee651efd8e0496a2d2e10851dce9acc11e3af61b260c722a4308aa87fb84d52b
cmds-beneficiary,program_medicare,belongs_to,https://resdac.org/cms-data/files/cmds-beneficiary,data/raw/html/dataset_page/d48a69cecaed5ae7646e6ef39ac98789b97bdbc6.html,801f9902ffa339193fcca8b49bad91c383518edbc88dd811d11aafe1ebd11879
cmds-beneficiary,cmds-entity,related_to,https://resdac.org/cms-data/files/cmds-beneficiary,data/raw/html/dataset_page/d48a69cecaed5ae7646e6ef39ac98789b97bdbc6.html,801f9902ffa339193fcca8b49bad91c383518edbc88dd811d11aafe1ebd11879
cmds-entity,program_medicare,belongs_to,https://resdac.org/cms-data/files/cmds-entity,data/raw/html/dataset_page/fe306019948692b5209277e7fd3e0aeb53e463a9.html,54508d798e6d0465e4cd1d8ac3f22703aaa9e546d2314020deb2b12b95664ce1
cmds-provider,program_medicare,belongs_to,https://resdac.org/cms-data/files/cmds-provider,data/raw/html/dataset_page/d29088b3a0ca3b7bd57bfb2ce420ed5854cd27de.html,af8a720f189eba991aa35e6ddeb82acf47b169fddbe275f895dc22610be376c4
cmds-provider,cmds-entity,related_to,https://resdac.org/cms-data/files/cmds-provider,data/raw/html/dataset_page/d29088b3a0ca3b7bd57bfb2ce420ed5854cd27de.html,af8a720f189eba991aa35e6ddeb82acf47b169fddbe275f895dc22610be376c4
cmmi-model-data-sharing-cmds-model-participation-data-initiative,program_medicare,belongs_to,https://resdac.org/cms-data/files/cmmi-model-data-sharing-cmds-model-participation-data-initiative,data/raw/html/dataset_page/384107f331e2563369c38318d900e43172d43a4c.html,601f1bb9502225c0080f49d5d85e45939571e0290468f24d48e98913deea3059
dme-encounter,program_medicare,belongs_to,https://resdac.org/cms-data/files/dme-encounter,data/raw/html/dataset_page/c23fcca164f03a963bd782a88f6ca79ff92aead3.html,eb7d5f376a4647ed2f9ae992ea3541ca57449ed20ba0a007b0b36eb8669b39ce
dme-encounter,program_medicare,belongs_to,https://resdac.org/cms-data/files/dme-encounter?page=1,data/raw/html/dataset_page/0c2a4f81a325635749c0d9ab9fa80b2ffcc04d1f.html,f21b2a327fdfb59867baff85245829a24a9d4190d2b405234547fbec70313fc1
dme-ffs,program_medicare,belongs_to,https://resdac.org/cms-data/files/dme-ffs,data/raw/html/dataset_page/ae362508e5c3cff6613bd82d4092fe9dba589d2c.html,bf300c1052bae2fc93d2d87042cf7f014898d6721731a487a1e4fef16d181775
dme-ffs,program_medicare,belongs_to,https://resdac.org/cms-data/files/dme-ffs?page=1,data/raw/html/dataset_page/73815f5de3bc34dd965c74a2be1645c77b831246.html,5ae2badba3662132d10a95493fc4675f0e428535173b6fd7c9218c95f86be3f7
hedis-rif,program_medicare,belongs_to,https://resdac.org/cms-data/files/hedis-rif,data/raw/html/dataset_page/53c762b9d98cbbd768630ecf1a91b72fe35aefeb.html,487ae2738e5ebfee8b5bd8b5f73c1afb3959e9c5f262554fbe862408c2674d2a
hedis-rif,hedis-rif-measures,related_to,https://resdac.org/cms-data/files/hedis-rif,data/raw/html/dataset_page/53c762b9d98cbbd768630ecf1a91b72fe35aefeb.html,487ae2738e5ebfee8b5bd8b5f73c1afb3959e9c5f262554fbe862408c2674d2a
hedis-rif,hedis-rif-pcr-measure,related_to,https://resdac.org/cms-data/files/hedis-rif,data/raw/html/dataset_page/53c762b9d98cbbd768630ecf1a91b72fe35aefeb.html,487ae2738e5ebfee8b5bd8b5f73c1afb3959e9c5f262554fbe862408c2674d2a
hedis-rif-measures,program_medicare,belongs_to,https://resdac.org/cms-data/files/hedis-rif-measures,data/raw/html/dataset_page/3f56579b8b9f43846fb5661b62bd296a42d69806.html,1af8a09f7524e453254a1675a5724c68544fdaffc98323eb5485ae9fb1511a06
hedis-rif-pcr-measure,program_medicare,belongs_to,https://resdac.org/cms-data/files/hedis-rif-pcr-measure,data/raw/html/dataset_page/21d6d237c32fea07af50f6e40ad3e0e6d3a0d116.html,394409a819339b76284134c405dc1c0586bdbad218857378cc3af4efaa3756ba
hha-encounter,program_medicare,belongs_to,https://resdac.org/cms-data/files/hha-encounter,data/raw/html/dataset_page/4fb670a23573bd7b0647d6c10fc05a39baf8dff8.html,6984ce03e120e76aab5e2f2f411d0538b5990409776eb76b9544d2eedfecc694
hha-encounter,program_medicare,belongs_to,https://resdac.org/cms-data/files/hha-encounter?page=1,data/raw/html/dataset_page/f1a6c0b5003f715077f44fca089117f39ebb832b.html,223b43c7053d8d02307edceb64284e87549fbdacf777d5b8a22ab267ff7d69a9
hha-encounter,program_medicare,belongs_to,https://resdac.org/cms-data/files/hha-encounter?page=2,data/raw/html/dataset_page/22e3288d3f760638d04abe30249e6d2f960989ad.html,86e8a2ac09d4a5ba98480cf87c262f1c5844382095def57ac9cced57e9232a28
hha-ffs,program_medicare,belongs_to,https://resdac.org/cms-data/files/hha-ffs,data/raw/html/dataset_page/8a72c4a9535ffc8f53655841fefcc77eb01cb3b9.html,231f16672a8c7441c4a60880615bc4fbc68dbb07149024412d535ece21571ee6
hha-ffs,program_medicare,belongs_to,https://resdac.org/cms-data/files/hha-ffs?page=1,data/raw/html/dataset_page/8f78db76414be1060cc9feced2e94189785a9386.html,fd278f8099ed751022932c29a282c164378f44d002e790959f9e186fb40ce608
hos-rif,program_medicare,belongs_to,https://resdac.org/cms-data/files/hos-rif,data/raw/html/dataset_page/3a2d6aac3217a98f46050a67c7808ce6efaf14ee.html,55bf867c853a5a8e110320701978597965f0a9a48144cb46a6a9e9c1d05576ae
hospice-ffs,program_medicare,belongs_to,https://resdac.org/cms-data/files/hospice-ffs,data/raw/html/dataset_page/82c705aa54aafef083cdcfbf4bd4666e8a12db0b.html,10551b10ecaeda1b0286047d1f50b8bf0a0294dc7e2a92b5fbde80e94af48d4d
hospice-ffs,program_medicare,belongs_to,https://resdac.org/cms-data/files/hospice-ffs?page=1,data/raw/html/dataset_page/dbaf3aed47201c3fc4db788b6db09a84cd3fe53c.html,adb76344d01fab232e7d10a73b86146fdee5c75c3bf9b21fd780ced3d0ea04ce
hrs-medicare,program_medicare,belongs_to,https://resdac.org/cms-data/files/hrs-medicare,data/raw/html/dataset_page/56f0128f13eefc2a0c19fceb47f11980630a1d88.html,72fc6a7057ba4b3f5323dd660d4bee0d438f4f3681f81b237367c1bfff709320
hrs-medicare,carrier-ffs,related_to,https://resdac.org/cms-data/files/hrs-medicare,data/raw/html/dataset_page/56f0128f13eefc2a0c19fceb47f11980630a1d88.html,72fc6a7057ba4b3f5323dd660d4bee0d438f4f3681f81b237367c1bfff709320
ip-encounter,program_medicare,belongs_to,https://resdac.org/cms-data/files/ip-encounter,data/raw/html/dataset_page/12756672621a930d90dd1a891197eb3c3fe4e16b.html,1bae5f273cc92668e63fb323b778a3a283cca8842c16a7b3e2dfb5173d04d70f
ip-encounter,program_medicare,belongs_to,https://resdac.org/cms-data/files/ip-encounter?page=1,data/raw/html/dataset_page/e5f45c1825ba4b2fabf81ff96515fb26076640eb.html,7f9e03700a763a031c2730d74d4f0044bab32b1ae4bf1914bfb43b5fbcf7304f
ip-ffs,program_medicare,belongs_to,https://resdac.org/cms-data/files/ip-ffs,data/raw/html/dataset_page/12ad7f86859bcac979dcc71633871bf7328ffd7b.html,5b0c4950031fb466825851b979c878d3ab647d4d6c9e62bcfb548bde75c54cc0
ip-ffs,program_medicare,belongs_to,https://resdac.org/cms-data/files/ip-ffs?page=1,data/raw/html/dataset_page/5e06938543c28635217c25080fa7c1e2252f9b43.html,220938f49721513ed7147d1cf9d21c9d905e77ed7d576d9f4d0c797008391948
irf-pai,program_medicare,belongs_to,https://resdac.org/cms-data/files/irf-pai,data/raw/html/dataset_page/baa26ed7c1fc23dc65c8af0a21caa69710fd2ab0.html,51b9ba05dcc841d0eac9344e385304a43cc4c7851507aa2e8c8ac04d47f960ea
irf-pai,program_medicare,belongs_to,https://resdac.org/cms-data/files/irf-pai?page=1,data/raw/html/dataset_page/2531c97864d9977f43f254931709dac5933f2a23.html,3c04e29b2dbb742375ca6d2c13775ad29f56ad8379bdccf11786b8a496d4bc6e
kcc-beneficiary,program_medicare,belongs_to,https://resdac.org/cms-data/files/kcc-beneficiary,data/raw/html/dataset_page/c82b4d408518dc96fdf46a27f4e49158e8e95041.html,5093d001243b23b8706afac585754e4ebf3d6557cc7e92572f9b005500ee5e65
kcc-beneficiary,kcc-provider,related_to,https://resdac.org/cms-data/files/kcc-beneficiary,data/raw/html/dataset_page/c82b4d408518dc96fdf46a27f4e49158e8e95041.html,5093d001243b23b8706afac585754e4ebf3d6557cc7e92572f9b005500ee5e65
kcc-provider,program_medicare,belongs_to,https://resdac.org/cms-data/files/kcc-provider,data/raw/html/dataset_page/3047d052106df32116d1fcd096c5521ac8f2e200.html,e1a6f585904bc2e7839234c7fa87faf0ea780d2af9c5207dc50c8fe92e5d906e
kcc-provider,kcc-beneficiary,related_to,https://resdac.org/cms-data/files/kcc-provider,data/raw/html/dataset_page/3047d052106df32116d1fcd096c5521ac8f2e200.html,e1a6f585904bc2e7839234c7fa87faf0ea780d2af9c5207dc50c8fe92e5d906e
lcds,program_medicare,belongs_to,https://resdac.org/cms-data/files/lcds,data/raw/html/dataset_page/109fd512ef088bf16d35b6132390e9403fdb09e3.html,123074885ecf562ce0903fb2597a3e704e323f0d14318877718748a696660ad6
max-ip,program_medicaid,belongs_to,https://resdac.org/cms-data/files/max-ip,data/raw/html/dataset_page/252bbce223cee13224fae984b7765753bbd11c6a.html,03d882586fb58e3cb9fdcdddc706771c1d157e6c15d5530591965c9641b82866
max-ip,program_medicaid,belongs_to,https://resdac.org/cms-data/files/max-ip?page=1,data/raw/html/dataset_page/515da00461d6442d0119c5c4c8cb1f3da0961381.html,2bf565baf3f965403f7cbef636351c1b1266d9584affe018ec9a93677d7e0a4b
max-lt,program_medicaid,belongs_to,https://resdac.org/cms-data/files/max-lt,data/raw/html/dataset_page/926065da5987e4d4b998ede3e7fd9c492f132963.html,271e59a18d3da4365b56e27410989fb0c6272f5de71cfb94833e4d113ca84530
max-lt,program_medicaid,belongs_to,https://resdac.org/cms-data/files/max-lt?page=1,data/raw/html/dataset_page/e93fb78e4019c671e994a0552e88d01b076e690f.html,9648a8f86f982cc31bbc98cc4ead8e6f453feccffa7eb2d1c9acf72627dc7a1c
max-ot,program_medicaid,belongs_to,https://resdac.org/cms-data/files/max-ot,data/raw/html/dataset_page/c6bd9f0903948ef8616ff013b187c916461532ee.html,47df6101de47dd42359d4a4b9e09bebd2d09316cd0a9ecc7648442914d4eb36c
max-ot,program_medicaid,belongs_to,https://resdac.org/cms-data/files/max-ot?page=1,data/raw/html/dataset_page/ac50f3d0b395926f11debae52a1bb6bf53dc607c.html,072035086695b2812301f570655645f0e7413e2883753639ab23a77e582ac150
max-ps,program_medicaid,belongs_to,https://resdac.org/cms-data/files/max-ps,data/raw/html/dataset_page/4e3c4f054ed1962fea40eba9b0c480c20f86f8a9.html,b1cbcd3a8ccad23ceb574ad1194431d64dd873dee119528a3649c1ed4e4daf80
max-ps,program_medicaid,belongs_to,https://resdac.org/cms-data/files/max-ps?page=1,data/raw/html/dataset_page/26130b574c5882f8dec0996e1b2406b6c2f7e3b3.html,faa794fc498047509e123e2dd5c1468f6bb68043a194986f24734e510b95de68
max-rx,program_medicaid,belongs_to,https://resdac.org/cms-data/files/max-rx,data/raw/html/dataset_page/58fd76e8a1843750b8c17b91b9595bc51b4c31b6.html,148accbf30fe6812f64d8c94cdc36ebca86d56eb04d2d778a98ab834586593fd
max-rx,program_medicaid,belongs_to,https://resdac.org/cms-data/files/max-rx?page=1,data/raw/html/dataset_page/628d80d9571d4dee54b1868e920448bf5ba9cccf.html,0e44e5f876b7189204b7e654927f45cbddddf924502a43ef48e6474ddb8937a0
mbisg,program_medicare,belongs_to,https://resdac.org/cms-data/files/mbisg,data/raw/html/dataset_page/719d1d0b72f037784384d6658ed2c12e9fe1eaa4.html,525e74616fb4aeb7202b1ce29b0df7d48701f584ac56ad6059627a9e8ba6aeaf
mbsf-27-cc,program_medicare,belongs_to,https://resdac.org/cms-data/files/mbsf-27-cc,data/raw/html/dataset_page/d0d1c923bc151d74eff941ab01ccc5b0d79a6387.html,5621ffb3eabdb08ed5ec38c904102c4fe8cb1c872199e00b17c3ae757af26f2f
mbsf-27-cc,mbsf-base,related_to,https://resdac.org/cms-data/files/mbsf-27-cc,data/raw/html/dataset_page/d0d1c923bc151d74eff941ab01ccc5b0d79a6387.html,5621ffb3eabdb08ed5ec38c904102c4fe8cb1c872199e00b17c3ae757af26f2f
mbsf-27-cc,program_medicare,belongs_to,https://resdac.org/cms-data/files/mbsf-27-cc?page=1,data/raw/html/dataset_page/6699b0dfb0111bbb6b6b3146eba42feed4fe9587.html,d646f914058c3ec677e2f79ab067553173259f5d1bf3beaa7893ed52eb0bca01
mbsf-27-cc,mbsf-base,related_to,https://resdac.org/cms-data/files/mbsf-27-cc?page=1,data/raw/html/dataset_page/6699b0dfb0111bbb6b6b3146eba42feed4fe9587.html,d646f914058c3ec677e2f79ab067553173259f5d1bf3beaa7893ed52eb0bca01
mbsf-30-cc,program_medicare,belongs_to,https://resdac.org/cms-data/files/mbsf-30-cc,data/raw/html/dataset_page/8ce691ade4c507e5fb6fccd9f57ea05b742d6ca4.html,607d74d3fefc9dfdcf4ba8e17665fa89c828c1bf0f30cbfbe214254e3a440eda
mbsf-30-cc,mbsf-base,related_to,https://resdac.org/cms-data/files/mbsf-30-cc,data/raw/html/dataset_page/8ce691ade4c507e5fb6fccd9f57ea05b742d6ca4.html,607d74d3fefc9dfdcf4ba8e17665fa89c828c1bf0f30cbfbe214254e3a440eda
mbsf-30-cc,program_medicare,belongs_to,https://resdac.org/cms-data/files/mbsf-30-cc?page=1,data/raw/html/dataset_page/e1008ac596c397313ccc0e4c65931d5fbe9c0413.html,fd4bf02130f36788fb788f521d9f71e0bafe2463fbfe88b86e6e4b23f7662d79
mbsf-30-cc,mbsf-base,related_to,https://resdac.org/cms-data/files/mbsf-30-cc?page=1,data/raw/html/dataset_page/e1008ac596c397313ccc0e4c65931d5fbe9c0413.html,fd4bf02130f36788fb788f521d9f71e0bafe2463fbfe88b86e6e4b23f7662d79
mbsf-base,program_medicare,belongs_to,https://resdac.org/cms-data/files/mbsf-base,data/raw/html/dataset_page/bc037fe7a91d939c1551aec399d84c3e4d69bc38.html,1cdbd968550f213d4ba4c9a2f0bb9a6fc8a2a643a4e6df414206ab827b746ed2
mbsf-base,mbsf-base-v2,related_to,https://resdac.org/cms-data/files/mbsf-base,data/raw/html/dataset_page/bc037fe7a91d939c1551aec399d84c3e4d69bc38.html,1cdbd968550f213d4ba4c9a2f0bb9a6fc8a2a643a4e6df414206ab827b746ed2
mbsf-base,mbsf-cc,related_to,https://resdac.org/cms-data/files/mbsf-base,data/raw/html/dataset_page/bc037fe7a91d939c1551aec399d84c3e4d69bc38.html,1cdbd968550f213d4ba4c9a2f0bb9a6fc8a2a643a4e6df414206ab827b746ed2
mbsf-base,mbsf-other-conditions,related_to,https://resdac.org/cms-data/files/mbsf-base,data/raw/html/dataset_page/bc037fe7a91d939c1551aec399d84c3e4d69bc38.html,1cdbd968550f213d4ba4c9a2f0bb9a6fc8a2a643a4e6df414206ab827b746ed2
mbsf-base,mbsf-cost-and-utilization,related_to,https://resdac.org/cms-data/files/mbsf-base,data/raw/html/dataset_page/bc037fe7a91d939c1551aec399d84c3e4d69bc38.html,1cdbd968550f213d4ba4c9a2f0bb9a6fc8a2a643a4e6df414206ab827b746ed2
mbsf-base,mbsf-ndi,related_to,https://resdac.org/cms-data/files/mbsf-base,data/raw/html/dataset_page/bc037fe7a91d939c1551aec399d84c3e4d69bc38.html,1cdbd968550f213d4ba4c9a2f0bb9a6fc8a2a643a4e6df414206ab827b746ed2
mbsf-base-v2,program_medicare,belongs_to,https://resdac.org/cms-data/files/mbsf-base-v2,data/raw/html/dataset_page/e78ac38bdfbc0e5aac972cd8dd03335ab6b80d9e.html,26111c8540a6793f691c322b16fa42ddba75b05f73f4b7715328c1b58eabfda8
mbsf-base-v2,mbsf-cc,related_to,https://resdac.org/cms-data/files/mbsf-base-v2,data/raw/html/dataset_page/e78ac38bdfbc0e5aac972cd8dd03335ab6b80d9e.html,26111c8540a6793f691c322b16fa42ddba75b05f73f4b7715328c1b58eabfda8
mbsf-base-v2,mbsf-other-conditions,related_to,https://resdac.org/cms-data/files/mbsf-base-v2,data/raw/html/dataset_page/e78ac38bdfbc0e5aac972cd8dd03335ab6b80d9e.html,26111c8540a6793f691c322b16fa42ddba75b05f73f4b7715328c1b58eabfda8
mbsf-base-v2,mbsf-cost-and-utilization,related_to,https://resdac.org/cms-data/files/mbsf-base-v2,data/raw/html/dataset_page/e78ac38bdfbc0e5aac972cd8dd03335ab6b80d9e.html,26111c8540a6793f691c322b16fa42ddba75b05f73f4b7715328c1b58eabfda8
mbsf-base-v2,mbsf-ndi,related_to,https://resdac.org/cms-data/files/mbsf-base-v2,data/raw/html/dataset_page/e78ac38bdfbc0e5aac972cd8dd03335ab6b80d9e.html,26111c8540a6793f691c322b16fa42ddba75b05f73f4b7715328c1b58eabfda8
mbsf-base-v2,mbsf-base,related_to,https://resdac.org/cms-data/files/mbsf-base-v2,data/raw/html/dataset_page/e78ac38bdfbc0e5aac972cd8dd03335ab6b80d9e.html,26111c8540a6793f691c322b16fa42ddba75b05f73f4b7715328c1b58eabfda8
mbsf-base-v2,program_medicare,belongs_to,https://resdac.org/cms-data/files/mbsf-base-v2?page=1,data/raw/html/dataset_page/7f6620be0130d2512c41c119d6426f5eb0feab09.html,5a780b884f1848417217608d884613a30413340320c8a69068050a7ca3691a6c
mbsf-base-v2,mbsf-cc,related_to,https://resdac.org/cms-data/files/mbsf-base-v2?page=1,data/raw/html/dataset_page/7f6620be0130d2512c41c119d6426f5eb0feab09.html,5a780b884f1848417217608d884613a30413340320c8a69068050a7ca3691a6c
mbsf-base-v2,mbsf-other-conditions,related_to,https://resdac.org/cms-data/files/mbsf-base-v2?page=1,data/raw/html/dataset_page/7f6620be0130d2512c41c119d6426f5eb0feab09.html,5a780b884f1848417217608d884613a30413340320c8a69068050a7ca3691a6c
mbsf-base-v2,mbsf-cost-and-utilization,related_to,https://resdac.org/cms-data/files/mbsf-base-v2?page=1,data/raw/html/dataset_page/7f6620be0130d2512c41c119d6426f5eb0feab09.html,5a780b884f1848417217608d884613a30413340320c8a69068050a7ca3691a6c
mbsf-base-v2,mbsf-ndi,related_to,https://resdac.org/cms-data/files/mbsf-base-v2?page=1,data/raw/html/dataset_page/7f6620be0130d2512c41c119d6426f5eb0feab09.html,5a780b884f1848417217608d884613a30413340320c8a69068050a7ca3691a6c
mbsf-base-v2,mbsf-base,related_to,https://resdac.org/cms-data/files/mbsf-base-v2?page=1,data/raw/html/dataset_page/7f6620be0130d2512c41c119d6426f5eb0feab09.html,5a780b884f1848417217608d884613a30413340320c8a69068050a7ca3691a6c
mbsf-cc,program_medicare,belongs_to,https://resdac.org/cms-data/files/mbsf-cc,data/raw/html/dataset_page/7a716883a22e3fa32ac5abf4fd79b93351d3d91a.html,4a82344ceadbaa014ae6dc298cc85a8e367928ea1c67a63454a22b38e5530834
mbsf-cc,mbsf-27-cc,related_to,https://resdac.org/cms-data/files/mbsf-cc,data/raw/html/dataset_page/7a716883a22e3fa32ac5abf4fd79b93351d3d91a.html,4a82344ceadbaa014ae6dc298cc85a8e367928ea1c67a63454a22b38e5530834
mbsf-cc,mbsf-base,related_to,https://resdac.org/cms-data/files/mbsf-cc,data/raw/html/dataset_page/7a716883a22e3fa32ac5abf4fd79b93351d3d91a.html,4a82344ceadbaa014ae6dc298cc85a8e367928ea1c67a63454a22b38e5530834
mbsf-cc,program_medicare,belongs_to,https://resdac.org/cms-data/files/mbsf-cc?page=1,data/raw/html/dataset_page/565b1d48d9ee441ed1b3aede7a79e911afe92eca.html,59be07a91582d1ddd4e20d86cba737da6f64fc7c2c7bf32dba3c1caade438131
mbsf-cc,mbsf-27-cc,related_to,https://resdac.org/cms-data/files/mbsf-cc?page=1,data/raw/html/dataset_page/565b1d48d9ee441ed1b3aede7a79e911afe92eca.html,59be07a91582d1ddd4e20d86cba737da6f64fc7c2c7bf32dba3c1caade438131
mbsf-cc,mbsf-base,related_to,https://resdac.org/cms-data/files/mbsf-cc?page=1,data/raw/html/dataset_page/565b1d48d9ee441ed1b3aede7a79e911afe92eca.html,59be07a91582d1ddd4e20d86cba737da6f64fc7c2c7bf32dba3c1caade438131
mbsf-cost-and-use,program_medicare,belongs_to,https://resdac.org/cms-data/files/mbsf-cost-and-use,data/raw/html/dataset_page/7552ff2238b2b2e9031180b3717bf5761986387c.html,46037ae80d20d1f626dc8207445def89877dc69b9f8ac724a09a3582e13d201b
mbsf-cost-and-use,mbsf-base,related_to,https://resdac.org/cms-data/files/mbsf-cost-and-use,data/raw/html/dataset_page/7552ff2238b2b2e9031180b3717bf5761986387c.html,46037ae80d20d1f626dc8207445def89877dc69b9f8ac724a09a3582e13d201b
mbsf-cost-and-utilization,program_medicare,belongs_to,https://resdac.org/cms-data/files/mbsf-cost-and-utilization,data/raw/html/dataset_page/7d330adad93c87fed02d63153399308af8edde55.html,8fa62fa0ad5d59aa07ded64b3d1439e4ed841a7c10f7d46670eb1a752c0fe39d
mbsf-cost-and-utilization,mbsf-cost-and-use,related_to,https://resdac.org/cms-data/files/mbsf-cost-and-utilization,data/raw/html/dataset_page/7d330adad93c87fed02d63153399308af8edde55.html,8fa62fa0ad5d59aa07ded64b3d1439e4ed841a7c10f7d46670eb1a752c0fe39d
mbsf-cost-and-utilization,mbsf-base,related_to,https://resdac.org/cms-data/files/mbsf-cost-and-utilization,data/raw/html/dataset_page/7d330adad93c87fed02d63153399308af8edde55.html,8fa62fa0ad5d59aa07ded64b3d1439e4ed841a7c10f7d46670eb1a752c0fe39d
mbsf-ndi,program_medicare,belongs_to,https://resdac.org/cms-data/files/mbsf-ndi,data/raw/html/dataset_page/3aec89abd3a41a4113f77d1663b1d6008349df8c.html,681c02d73f57c5a48188cead6cf0b80f88df661a7b385d363de5bd5e110377df
mbsf-other-conditions,program_medicare,belongs_to,https://resdac.org/cms-data/files/mbsf-other-conditions,data/raw/html/dataset_page/cb6221ac2e195081875db2207b6efc6681e56769.html,e5078e5c2f78f497c7ce9da8c5a6f96a8412ae63156d6217951dc4f17c1886c6
mbsf-other-conditions,mbsf-base,related_to,https://resdac.org/cms-data/files/mbsf-other-conditions,data/raw/html/dataset_page/cb6221ac2e195081875db2207b6efc6681e56769.html,e5078e5c2f78f497c7ce9da8c5a6f96a8412ae63156d6217951dc4f17c1886c6
md-ppas,program_medicare,belongs_to,https://resdac.org/cms-data/files/md-ppas,data/raw/html/dataset_page/2f231d2e4e57843df94c520b5bad73d382db2e35.html,166762adcc41e89bcefdb0752f62784b802f46875040f7ec4cca29f1306020b4
mds-20,program_medicare-medicaid,belongs_to,https://resdac.org/cms-data/files/mds-20,data/raw/html/dataset_page/eb5bab1dec92071711367036fe0fcff79255ca71.html,049a86f6ee0904c3fa24248d7b4165e3fb6d52346f0b057042282cf6ed40940d
mds-20,mds-sb-20,related_to,https://resdac.org/cms-data/files/mds-20,data/raw/html/dataset_page/eb5bab1dec92071711367036fe0fcff79255ca71.html,049a86f6ee0904c3fa24248d7b4165e3fb6d52346f0b057042282cf6ed40940d
mds-20,mds-sb-30,related_to,https://resdac.org/cms-data/files/mds-20,data/raw/html/dataset_page/eb5bab1dec92071711367036fe0fcff79255ca71.html,049a86f6ee0904c3fa24248d7b4165e3fb6d52346f0b057042282cf6ed40940d
mds-30,program_medicare-medicaid,belongs_to,https://resdac.org/cms-data/files/mds-30,data/raw/html/dataset_page/68b87fe1820ff2fa96582e804644705eaf024128.html,93970d230341627bf973d2e2da19781839ea0e23618eefa650616468b3e7db22
mds-30,program_medicare-medicaid,belongs_to,https://resdac.org/cms-data/files/mds-30?page=1,data/raw/html/dataset_page/1ecc48c02e3b3399f1f6ee85cb1fb4a6d1708acd.html,a74d7d62addcff58924ac7493524ef4f5bca3b7ccd04a7fb77253b9f795ee74a
mds-sb-20,program_medicare-medicaid,belongs_to,https://resdac.org/cms-data/files/mds-sb-20,data/raw/html/dataset_page/12c4f6ae2dbdb765b50abbe151d7bb40f8635f80.html,5504bc52c43c659f5bbdddc7ec669c1bfbc5ea1c929e89744a79a639937e8932
mds-sb-30,program_medicare-medicaid,belongs_to,https://resdac.org/cms-data/files/mds-sb-30,data/raw/html/dataset_page/c6e90ac5b4fcf202ebf30de1e4ebc4fdcbe8030b.html,5261390bf30a44fdd78bc9ad2f8f185cee1ea8268fe25cff03684d97a68187d6
mds-sb-30,program_medicare-medicaid,belongs_to,https://resdac.org/cms-data/files/mds-sb-30?page=1,data/raw/html/dataset_page/03a1170c0fe7a70db50121421af490a49f5eda59.html,066a5708ae9f10f797ac5bf3c5ef21cae1caeeec50722e545b3ac1c4f06aa027
medpar,program_medicare,belongs_to,https://resdac.org/cms-data/files/medpar,data/raw/html/dataset_page/1ec18076e07f7bc7a76e91df1dd2304395a72394.html,b3939b94d2e41792d4aca3733480292d3f80420826de400a6da3a9db7231b93e
medpar,program_medicare,belongs_to,https://resdac.org/cms-data/files/medpar?page=1,data/raw/html/dataset_page/836dbe353b499896051544d2545edd5f19a6106e.html,1db9728de8281a881e4423dab177641f466a31a50fe72528459303a5517ece34
mesf-conditions,program_medicaid,belongs_to,https://resdac.org/cms-data/files/mesf-conditions,data/raw/html/dataset_page/f08566e9ff77b33f8482c1b865d835446c181ab2.html,54fbe4d3b8fda290f3132f8fdc459ac93c7bf9d875f4b9ea54dcfe51813ab5d7
mesf-ndi,program_medicaid,belongs_to,https://resdac.org/cms-data/files/mesf-ndi,data/raw/html/dataset_page/78aff82de2fa0476d44dc0080160c652b04c4094.html,234849b5f343e2c7c8d3dcc49548c5d402d244e2a1564c1065cf29068093e714
mesf-ndi,mesf-conditions,related_to,https://resdac.org/cms-data/files/mesf-ndi,data/raw/html/dataset_page/78aff82de2fa0476d44dc0080160c652b04c4094.html,234849b5f343e2c7c8d3dcc49548c5d402d244e2a1564c1065cf29068093e714
mesf-ndi,mbsf,related_to,https://resdac.org/cms-data/files/mesf-ndi,data/raw/html/dataset_page/78aff82de2fa0476d44dc0080160c652b04c4094.html,234849b5f343e2c7c8d3dcc49548c5d402d244e2a1564c1065cf29068093e714
million-hearts,program_medicare,belongs_to,https://resdac.org/cms-data/files/million-hearts,data/raw/html/dataset_page/11f276dd2baad8d4c959761c4ccc486f650a7d4b.html,275bdfe132d138d5b742d91591c8a3177637e085d788a965ddd0d84180caa79c
million-hearts,million-hearts-model-raw-clinical,related_to,https://resdac.org/cms-data/files/million-hearts,data/raw/html/dataset_page/11f276dd2baad8d4c959761c4ccc486f650a7d4b.html,275bdfe132d138d5b742d91591c8a3177637e085d788a965ddd0d84180caa79c
million-hearts,million-hearts-model-final-clinical,related_to,https://resdac.org/cms-data/files/million-hearts,data/raw/html/dataset_page/11f276dd2baad8d4c959761c4ccc486f650a7d4b.html,275bdfe132d138d5b742d91591c8a3177637e085d788a965ddd0d84180caa79c
million-hearts,million-hearts-model-beneficiary-demographic,related_to,https://resdac.org/cms-data/files/million-hearts,data/raw/html/dataset_page/11f276dd2baad8d4c959761c4ccc486f650a7d4b.html,275bdfe132d138d5b742d91591c8a3177637e085d788a965ddd0d84180caa79c
million-hearts,million-hearts-model-visit,related_to,https://resdac.org/cms-data/files/million-hearts,data/raw/html/dataset_page/11f276dd2baad8d4c959761c4ccc486f650a7d4b.html,275bdfe132d138d5b742d91591c8a3177637e085d788a965ddd0d84180caa79c
million-hearts,million-hearts-model-practice-list,related_to,https://resdac.org/cms-data/files/million-hearts,data/raw/html/dataset_page/11f276dd2baad8d4c959761c4ccc486f650a7d4b.html,275bdfe132d138d5b742d91591c8a3177637e085d788a965ddd0d84180caa79c
million-hearts,million-hearts-model-provider-list,related_to,https://resdac.org/cms-data/files/million-hearts,data/raw/html/dataset_page/11f276dd2baad8d4c959761c4ccc486f650a7d4b.html,275bdfe132d138d5b742d91591c8a3177637e085d788a965ddd0d84180caa79c
million-hearts,million-hearts-model-alignment,related_to,https://resdac.org/cms-data/files/million-hearts,data/raw/html/dataset_page/11f276dd2baad8d4c959761c4ccc486f650a7d4b.html,275bdfe132d138d5b742d91591c8a3177637e085d788a965ddd0d84180caa79c
million-hearts-model-alignment,program_medicare,belongs_to,https://resdac.org/cms-data/files/million-hearts-model-alignment,data/raw/html/dataset_page/995ffafc09557f89ba7292d14f97e725d5c00d47.html,b88f16daad927799e918583848222663e660c199e5fe2a9e8dd0ff3050cd8925
million-hearts-model-alignment,program_medicare,belongs_to,https://resdac.org/cms-data/files/million-hearts-model-alignment?page=1,data/raw/html/dataset_page/2ef35ad68b97b1a876f94af5cf18da99eb2b9d36.html,12b8aa20a6f822cf275bc691a1597bd82fa3f71a4bbf4f6ed5caece279b61e0a
million-hearts-model-beneficiary-demographic,program_medicare,belongs_to,https://resdac.org/cms-data/files/million-hearts-model-beneficiary-demographic,data/raw/html/dataset_page/b1e2387a5e152021678481211005771c29671845.html,008e7ed5e206d23b8fabe970e32a32b2ed117dbc9fe2df8ae148414e22f95397
million-hearts-model-beneficiary-demographic,program_medicare,belongs_to,https://resdac.org/cms-data/files/million-hearts-model-beneficiary-demographic?page=1,data/raw/html/dataset_page/e482880f2eb8288d4e13995dba93d25264eda7c6.html,590f57d7402ef22d2cb78af6b4c5a916ee735fa22be79aadc8fdf334a8b13e36
million-hearts-model-final-clinical,program_medicare,belongs_to,https://resdac.org/cms-data/files/million-hearts-model-final-clinical,data/raw/html/dataset_page/94453bf09772a2b3525e0c51fee2b137ed3d5a82.html,5ae8277ec7e6bbef248a3219f88c71f3bbd4348243e9da3623814b3f41c6140a
million-hearts-model-final-clinical,million-hearts-model-raw-clinical,related_to,https://resdac.org/cms-data/files/million-hearts-model-final-clinical,data/raw/html/dataset_page/94453bf09772a2b3525e0c51fee2b137ed3d5a82.html,5ae8277ec7e6bbef248a3219f88c71f3bbd4348243e9da3623814b3f41c6140a
million-hearts-model-final-clinical,program_medicare,belongs_to,https://resdac.org/cms-data/files/million-hearts-model-final-clinical?page=1,data/raw/html/dataset_page/cec81b494a5cf3d5db8f1bc622c030263f8f5cb7.html,8882900969fd3eb354df7884f091b2d279dde7f9f4e462b7b5dddf52731b1533
million-hearts-model-final-clinical,million-hearts-model-raw-clinical,related_to,https://resdac.org/cms-data/files/million-hearts-model-final-clinical?page=1,data/raw/html/dataset_page/cec81b494a5cf3d5db8f1bc622c030263f8f5cb7.html,8882900969fd3eb354df7884f091b2d279dde7f9f4e462b7b5dddf52731b1533
million-hearts-model-practice-list,program_medicare,belongs_to,https://resdac.org/cms-data/files/million-hearts-model-practice-list,data/raw/html/dataset_page/7a953a4fd8f9d25e00f77fc4524e277bb0c6ad0a.html,9fe986911da3ec7d774d89427efd399120d7ee01842ac39d1718b483bcc112b7
million-hearts-model-practice-list,program_medicare,belongs_to,https://resdac.org/cms-data/files/million-hearts-model-practice-list?page=1,data/raw/html/dataset_page/461213bb26f38197ebe336bdfd286e4ea35bd7f1.html,97df9c30ac20eb0e72420bd41b65191f565a8b9d02883cc3eff54704f5140ef1
million-hearts-model-provider-list,program_medicare,belongs_to,https://resdac.org/cms-data/files/million-hearts-model-provider-list,data/raw/html/dataset_page/0e7e25108da8d3905517e4228828f812149b466c.html,947686940b2f74f6292c817ad9d811d08c4037e6514511532541effd2c225507
million-hearts-model-provider-list,program_medicare,belongs_to,https://resdac.org/cms-data/files/million-hearts-model-provider-list?page=1,data/raw/html/dataset_page/427d5b97369f13b314b6abbbc651690e609ec985.html,71b3d5ddda87f4594cfc63aaf68926dcaeea3809338518d88db17dfa8a6a6bad
million-hearts-model-raw-clinical,program_medicare,belongs_to,https://resdac.org/cms-data/files/million-hearts-model-raw-clinical,data/raw/html/dataset_page/9eb4737f9e569d2ef9979be564830d39a11013fb.html,82272c5cbfe29c28fb92c716f2b32be7da979619aaf782b1b3bfe7e2a8402bde
million-hearts-model-raw-clinical,program_medicare,belongs_to,https://resdac.org/cms-data/files/million-hearts-model-raw-clinical?page=1,data/raw/html/dataset_page/72ee475771d626bb204c0fc1e193ec18d6e8d6d9.html,47466aa4ec052f8a9340014efbb6e91a937ff8eb00364f75813c040e5ec988dd
million-hearts-model-visit,program_medicare,belongs_to,https://resdac.org/cms-data/files/million-hearts-model-visit,data/raw/html/dataset_page/de4f6d0e0ef6aac54c9672b43bb0b7b4c7361065.html,2e8a45b62d5d1cb501233624f99f7ce7fae25703c9f021779a549df63860ce56
million-hearts-model-visit,program_medicare,belongs_to,https://resdac.org/cms-data/files/million-hearts-model-visit?page=1,data/raw/html/dataset_page/b3cf81e0d45803a40a7257d835f432647f90ecbd.html,85e84027b2f97bc3ead6a4ced1d8d88020dc47529d84f2c22b35e119feaecf5a
million-hearts,program_medicare,belongs_to,https://resdac.org/cms-data/files/million-hearts?page=1,data/raw/html/dataset_page/86c5a3c7da1125d7c7b11d8b5388deaee3563996.html,93c946632d852c23c84ff753d278bb30a70db7cdd28858d26656dbe058d220ef
million-hearts,million-hearts-model-raw-clinical,related_to,https://resdac.org/cms-data/files/million-hearts?page=1,data/raw/html/dataset_page/86c5a3c7da1125d7c7b11d8b5388deaee3563996.html,93c946632d852c23c84ff753d278bb30a70db7cdd28858d26656dbe058d220ef
million-hearts,million-hearts-model-final-clinical,related_to,https://resdac.org/cms-data/files/million-hearts?page=1,data/raw/html/dataset_page/86c5a3c7da1125d7c7b11d8b5388deaee3563996.html,93c946632d852c23c84ff753d278bb30a70db7cdd28858d26656dbe058d220ef
million-hearts,million-hearts-model-beneficiary-demographic,related_to,https://resdac.org/cms-data/files/million-hearts?page=1,data/raw/html/dataset_page/86c5a3c7da1125d7c7b11d8b5388deaee3563996.html,93c946632d852c23c84ff753d278bb30a70db7cdd28858d26656dbe058d220ef
million-hearts,million-hearts-model-visit,related_to,https://resdac.org/cms-data/files/million-hearts?page=1,data/raw/html/dataset_page/86c5a3c7da1125d7c7b11d8b5388deaee3563996.html,93c946632d852c23c84ff753d278bb30a70db7cdd28858d26656dbe058d220ef
million-hearts,million-hearts-model-practice-list,related_to,https://resdac.org/cms-data/files/million-hearts?page=1,data/raw/html/dataset_page/86c5a3c7da1125d7c7b11d8b5388deaee3563996.html,93c946632d852c23c84ff753d278bb30a70db7cdd28858d26656dbe058d220ef
million-hearts,million-hearts-model-provider-list,related_to,https://resdac.org/cms-data/files/million-hearts?page=1,data/raw/html/dataset_page/86c5a3c7da1125d7c7b11d8b5388deaee3563996.html,93c946632d852c23c84ff753d278bb30a70db7cdd28858d26656dbe058d220ef
million-hearts,million-hearts-model-alignment,related_to,https://resdac.org/cms-data/files/million-hearts?page=1,data/raw/html/dataset_page/86c5a3c7da1125d7c7b11d8b5388deaee3563996.html,93c946632d852c23c84ff753d278bb30a70db7cdd28858d26656dbe058d220ef
mmleads-2,program_medicare-medicaid,belongs_to,https://resdac.org/cms-data/files/mmleads-2,data/raw/html/dataset_page/9826bacf328abda3f93623f8ca8af27e5961040d.html,fbdb6211a939c16c9e49955d3a407d78829bea85c6f50222deb12d69671c58ad
mmleads-3,program_medicare-medicaid,belongs_to,https://resdac.org/cms-data/files/mmleads-3,data/raw/html/dataset_page/e55dd2c0c0262bd42e95663fc1f36db3ea96e068.html,02b147703b855a7d61971f6b7db94546a74f028b784d6a41cdcca8172bdd6293
ngaco-beneficiary,program_medicare,belongs_to,https://resdac.org/cms-data/files/ngaco-beneficiary,data/raw/html/dataset_page/dc78605b880da6acf5413b0e36abcd051fcc22e4.html,8386312161e28f7a7d3395a6072a92b307b37283b1f380e94319e8cbc72e95ee
ngaco-beneficiary,ngaco-provider,related_to,https://resdac.org/cms-data/files/ngaco-beneficiary,data/raw/html/dataset_page/dc78605b880da6acf5413b0e36abcd051fcc22e4.html,8386312161e28f7a7d3395a6072a92b307b37283b1f380e94319e8cbc72e95ee
ngaco-provider,program_medicare,belongs_to,https://resdac.org/cms-data/files/ngaco-provider,data/raw/html/dataset_page/6273349b5375e4ae0122178ff00841c6e978da09.html,75d7b7fceb57e1343a6b935ac06610dd05d1af0a066e063e43e4ed3ba8218071
ngaco-provider,ngaco-beneficiary,related_to,https://resdac.org/cms-data/files/ngaco-provider,data/raw/html/dataset_page/6273349b5375e4ae0122178ff00841c6e978da09.html,75d7b7fceb57e1343a6b935ac06610dd05d1af0a066e063e43e4ed3ba8218071
nhats,program_medicare,belongs_to,https://resdac.org/cms-data/files/nhats,data/raw/html/dataset_page/339cf08f4d14e58342b5b5b205746f10f0a4254c.html,e4bff9a4f7d3d53d6745c5e6662aa1306a8f8296b1c0e1c6c6d81519725897e3
oasis,program_medicare-medicaid,belongs_to,https://resdac.org/cms-data/files/oasis,data/raw/html/dataset_page/02489b4d2a3fa9d7da770dbe896c765a00f62dbc.html,c4191acfef6f2b6e058317247ac08e68eb2b0aaeb1cbdec9ad4ec673df544b37
ocm,program_medicare,belongs_to,https://resdac.org/cms-data/files/ocm,data/raw/html/dataset_page/f0223675b06f55836c8cb294b7336b31c9bd2d57.html,8ede72943d7e27e3640ea9f3d8405bbbac9076a4188a668ae20ff40af353195a
ocm,ocm-clinical-and-staging,related_to,https://resdac.org/cms-data/files/ocm,data/raw/html/dataset_page/f0223675b06f55836c8cb294b7336b31c9bd2d57.html,8ede72943d7e27e3640ea9f3d8405bbbac9076a4188a668ae20ff40af353195a
ocm,ocm-current-clinical-status,related_to,https://resdac.org/cms-data/files/ocm,data/raw/html/dataset_page/f0223675b06f55836c8cb294b7336b31c9bd2d57.html,8ede72943d7e27e3640ea9f3d8405bbbac9076a4188a668ae20ff40af353195a
ocm-clinical-and-staging,program_medicare,belongs_to,https://resdac.org/cms-data/files/ocm-clinical-and-staging,data/raw/html/dataset_page/e67fb8194a56ec61aead4bd4580e766d10529ed2.html,26ce2d1bd71b50fb76095776410fff3c6a6fdb64372cd559eee42ac3cb8b50f0
ocm-current-clinical-status,program_medicare,belongs_to,https://resdac.org/cms-data/files/ocm-current-clinical-status,data/raw/html/dataset_page/f1ac9f508a2284b35eb33f94c4a7438c882f785c.html,8a4c8124c9d7c65ed7716510547a8ce5e9625ebb963776a4023cb4a3e0e03df5
op-encounter,program_medicare,belongs_to,https://resdac.org/cms-data/files/op-encounter,data/raw/html/dataset_page/22973e62284e3eee94a2c77066ffab1230e5745c.html,ff3459b30ee9db51345159cb2ecec3b99a9a78428acc5832174eea467f07378a
op-encounter,program_medicare,belongs_to,https://resdac.org/cms-data/files/op-encounter?page=1,data/raw/html/dataset_page/8d8101948f2978af09e9f0a954289b9ffd5fd1bf.html,b422986474c9b5f7dc62bb6b918039fe050451210b2893b5df82f1a9e8dbd115
op-ffs,program_medicare,belongs_to,https://resdac.org/cms-data/files/op-ffs,data/raw/html/dataset_page/b6b40167443d5c022d6c5eb797e6d44cf35507ec.html,fbc8fed1cf474e530c9c2a1e927556aa63012683be639b38dcfab6d8c9fbaeaa
op-ffs,program_medicare,belongs_to,https://resdac.org/cms-data/files/op-ffs?page=1,data/raw/html/dataset_page/30ef37e7381b8bef46e1367b9fd9c5fedffd2f66.html,afc174b3910d05bb6447d07953129bd09c8381e9c5500eaa87cfc2bcfb718aee
part-d-drug-characteristics,program_medicare,belongs_to,https://resdac.org/cms-data/files/part-d-drug-characteristics,data/raw/html/dataset_page/b4269402c704a3be3047575eff09335c9548adf0.html,b5c995fdd8c7f73bd4e870ec6292bb5dda61573443c9b73d7736973c5f0767fa
part-d-drug-characteristics,pde,related_to,https://resdac.org/cms-data/files/part-d-drug-characteristics,data/raw/html/dataset_page/b4269402c704a3be3047575eff09335c9548adf0.html,b5c995fdd8c7f73bd4e870ec6292bb5dda61573443c9b73d7736973c5f0767fa
part-d-drug-characteristics,program_medicare,belongs_to,https://resdac.org/cms-data/files/part-d-drug-characteristics?page=1,data/raw/html/dataset_page/d44960a0870a15bd37d7fb4526e471753a3ddd98.html,33870c1af0e53e88cff0c77146c6c84436dc03c4127b0c2377de200509b79905
part-d-drug-characteristics,pde,related_to,https://resdac.org/cms-data/files/part-d-drug-characteristics?page=1,data/raw/html/dataset_page/d44960a0870a15bd37d7fb4526e471753a3ddd98.html,33870c1af0e53e88cff0c77146c6c84436dc03c4127b0c2377de200509b79905
part-d-formulary,program_medicare,belongs_to,https://resdac.org/cms-data/files/part-d-formulary,data/raw/html/dataset_page/0e103930bfe306b73fe57cfcf18e4e6a732393d0.html,4380ecc6a9912c061d06ebbb7755cbb36da52950ee93b041d66707cda7660790
part-d-formulary,pde,related_to,https://resdac.org/cms-data/files/part-d-formulary,data/raw/html/dataset_page/0e103930bfe306b73fe57cfcf18e4e6a732393d0.html,4380ecc6a9912c061d06ebbb7755cbb36da52950ee93b041d66707cda7660790
part-d-formulary-file,program_medicare,belongs_to,https://resdac.org/cms-data/files/part-d-formulary-file,data/raw/html/dataset_page/0bf9771d496881228274f370db58a25aea9efa6f.html,c4f192b1476cdfdde8d4473e44987248a3a0b9a98f8069a584ba407d0a6ad483
part-d-formulary-file,part-d-formulary,related_to,https://resdac.org/cms-data/files/part-d-formulary-file,data/raw/html/dataset_page/0bf9771d496881228274f370db58a25aea9efa6f.html,c4f192b1476cdfdde8d4473e44987248a3a0b9a98f8069a584ba407d0a6ad483
part-d-formulary-file,pde,related_to,https://resdac.org/cms-data/files/part-d-formulary-file,data/raw/html/dataset_page/0bf9771d496881228274f370db58a25aea9efa6f.html,c4f192b1476cdfdde8d4473e44987248a3a0b9a98f8069a584ba407d0a6ad483
part-d-formulary-file,program_medicare,belongs_to,https://resdac.org/cms-data/files/part-d-formulary-file?page=1,data/raw/html/dataset_page/ccc14c6da1800d579a6d2c65bb25415335484231.html,b3aeabc17745389a2bad2799cb1bbe45ad17cd2c54e72d767acc9aeba8984929
part-d-formulary-file,part-d-formulary,related_to,https://resdac.org/cms-data/files/part-d-formulary-file?page=1,data/raw/html/dataset_page/ccc14c6da1800d579a6d2c65bb25415335484231.html,b3aeabc17745389a2bad2799cb1bbe45ad17cd2c54e72d767acc9aeba8984929
part-d-formulary-file,pde,related_to,https://resdac.org/cms-data/files/part-d-formulary-file?page=1,data/raw/html/dataset_page/ccc14c6da1800d579a6d2c65bb25415335484231.html,b3aeabc17745389a2bad2799cb1bbe45ad17cd2c54e72d767acc9aeba8984929
part-d-formulary,program_medicare,belongs_to,https://resdac.org/cms-data/files/part-d-formulary?page=1,data/raw/html/dataset_page/11d9a872883bc4d19e66239ef8f263fcc5ea67b5.html,bacb1a1fd8b778399ef2dbbf718b57b0de7ff0bcb7e685655305bb1a39d0038e
part-d-formulary,pde,related_to,https://resdac.org/cms-data/files/part-d-formulary?page=1,data/raw/html/dataset_page/11d9a872883bc4d19e66239ef8f263fcc5ea67b5.html,bacb1a1fd8b778399ef2dbbf718b57b0de7ff0bcb7e685655305bb1a39d0038e
part-d-mtm,program_medicare,belongs_to,https://resdac.org/cms-data/files/part-d-mtm,data/raw/html/dataset_page/92f877ce64ac8a0cb2e4b27f1b2c3ec384191839.html,113aea38d4428035dedf0973dbc340e1b1c9276da4e96592673990ac65f3df2d
part-d-mtm,program_medicare,belongs_to,https://resdac.org/cms-data/files/part-d-mtm?page=1,data/raw/html/dataset_page/d551119ea23cdc896e866c79287b606e6548c277.html,60bf6cf608bea1e2beec8aa2821d10320b08ead06883f29b0723bb431d390840
part-d-pharmacy-characteristics,program_medicare,belongs_to,https://resdac.org/cms-data/files/part-d-pharmacy-characteristics,data/raw/html/dataset_page/541baeea95d188c8d5aaa3d036611cb1af88bcff.html,fa906680df34c23fe1fcd8fa5c71928ec99ca3a099a890df99667c11b11c7a42
part-d-pharmacy-characteristics,pde,related_to,https://resdac.org/cms-data/files/part-d-pharmacy-characteristics,data/raw/html/dataset_page/541baeea95d188c8d5aaa3d036611cb1af88bcff.html,fa906680df34c23fe1fcd8fa5c71928ec99ca3a099a890df99667c11b11c7a42
part-d-pharmacy-characteristics,program_medicare,belongs_to,https://resdac.org/cms-data/files/part-d-pharmacy-characteristics?page=1,data/raw/html/dataset_page/426dd5c8209fc57fc3edb46f31c500aa1b07edcd.html,7f811bd7e46770c47da31d6e3ef9cb0d45d4fbdf6194159c15f85613a5214c91
part-d-pharmacy-characteristics,pde,related_to,https://resdac.org/cms-data/files/part-d-pharmacy-characteristics?page=1,data/raw/html/dataset_page/426dd5c8209fc57fc3edb46f31c500aa1b07edcd.html,7f811bd7e46770c47da31d6e3ef9cb0d45d4fbdf6194159c15f85613a5214c91
part-d-plan-election-type-beneficiary-summary,program_medicare,belongs_to,https://resdac.org/cms-data/files/part-d-plan-election-type-beneficiary-summary,data/raw/html/dataset_page/fc95dabdf48b27f8ed244b5bce6514eee1ae4e27.html,db14d685812ed5dcd6838300b3bb4c7391433834ec2eb18d302fc16a4994b265
part-d-plan-election-type-beneficiary-summary,pde,related_to,https://resdac.org/cms-data/files/part-d-plan-election-type-beneficiary-summary,data/raw/html/dataset_page/fc95dabdf48b27f8ed244b5bce6514eee1ae4e27.html,db14d685812ed5dcd6838300b3bb4c7391433834ec2eb18d302fc16a4994b265
part-d-plan-election-type-beneficiary-summary,program_medicare,belongs_to,https://resdac.org/cms-data/files/part-d-plan-election-type-beneficiary-summary?page=1,data/raw/html/dataset_page/000224f3381ebc39db622e3eee762a28c41e05ec.html,5a0638f916649223bf7e60c39709e49f3b07acc9a87c84645c8bf1ae4902e0de
part-d-plan-election-type-beneficiary-summary,pde,related_to,https://resdac.org/cms-data/files/part-d-plan-election-type-beneficiary-summary?page=1,data/raw/html/dataset_page/000224f3381ebc39db622e3eee762a28c41e05ec.html,5a0638f916649223bf7e60c39709e49f3b07acc9a87c84645c8bf1ae4902e0de
part-d-prescriber-characteristics,program_medicare,belongs_to,https://resdac.org/cms-data/files/part-d-prescriber-characteristics,data/raw/html/dataset_page/ed8746386872127918f67f0cf5cf3900b9dda0e6.html,053576872e84e02c979c5bd207a5f5fd6a595cd593041a963aa81c6477d9d12d
part-d-prescriber-characteristics,pde,related_to,https://resdac.org/cms-data/files/part-d-prescriber-characteristics,data/raw/html/dataset_page/ed8746386872127918f67f0cf5cf3900b9dda0e6.html,053576872e84e02c979c5bd207a5f5fd6a595cd593041a963aa81c6477d9d12d
part-d-prescriber-characteristics,program_medicare,belongs_to,https://resdac.org/cms-data/files/part-d-prescriber-characteristics?page=1,data/raw/html/dataset_page/996a716d9a80f27752f95ccaff466c809c729e0b.html,e5c35e04ccc5c1cec440c63c0397633f1267c1d44f71af2ac0bef9aeade0ef81
part-d-prescriber-characteristics,pde,related_to,https://resdac.org/cms-data/files/part-d-prescriber-characteristics?page=1,data/raw/html/dataset_page/996a716d9a80f27752f95ccaff466c809c729e0b.html,e5c35e04ccc5c1cec440c63c0397633f1267c1d44f71af2ac0bef9aeade0ef81
pde,program_medicare,belongs_to,https://resdac.org/cms-data/files/pde,data/raw/html/dataset_page/cdd884d3b81899cee979038fcfe2b0286b8be6d9.html,ecff6aad54e0a7eac9409d63479ea2a6936e81254afb8b0b32e891d7de5aa99b
pde,plan-characteristics,related_to,https://resdac.org/cms-data/files/pde,data/raw/html/dataset_page/cdd884d3b81899cee979038fcfe2b0286b8be6d9.html,ecff6aad54e0a7eac9409d63479ea2a6936e81254afb8b0b32e891d7de5aa99b
pde,part-d-drug-characteristics,related_to,https://resdac.org/cms-data/files/pde,data/raw/html/dataset_page/cdd884d3b81899cee979038fcfe2b0286b8be6d9.html,ecff6aad54e0a7eac9409d63479ea2a6936e81254afb8b0b32e891d7de5aa99b
pde,part-d-formulary-file,related_to,https://resdac.org/cms-data/files/pde,data/raw/html/dataset_page/cdd884d3b81899cee979038fcfe2b0286b8be6d9.html,ecff6aad54e0a7eac9409d63479ea2a6936e81254afb8b0b32e891d7de5aa99b
pde,part-d-pharmacy-characteristics,related_to,https://resdac.org/cms-data/files/pde,data/raw/html/dataset_page/cdd884d3b81899cee979038fcfe2b0286b8be6d9.html,ecff6aad54e0a7eac9409d63479ea2a6936e81254afb8b0b32e891d7de5aa99b
pde,part-d-prescriber-characteristics,related_to,https://resdac.org/cms-data/files/pde,data/raw/html/dataset_page/cdd884d3b81899cee979038fcfe2b0286b8be6d9.html,ecff6aad54e0a7eac9409d63479ea2a6936e81254afb8b0b32e891d7de5aa99b
pde,program_medicare,belongs_to,https://resdac.org/cms-data/files/pde?page=1,data/raw/html/dataset_page/5604b2ec7bd4d71517e04a39607d45d5b421650b.html,b114be3d1fbcaf6de6fc68731146c17529419818bc38e2251f8aa9109bfe34f3
pde,plan-characteristics,related_to,https://resdac.org/cms-data/files/pde?page=1,data/raw/html/dataset_page/5604b2ec7bd4d71517e04a39607d45d5b421650b.html,b114be3d1fbcaf6de6fc68731146c17529419818bc38e2251f8aa9109bfe34f3
pde,part-d-drug-characteristics,related_to,https://resdac.org/cms-data/files/pde?page=1,data/raw/html/dataset_page/5604b2ec7bd4d71517e04a39607d45d5b421650b.html,b114be3d1fbcaf6de6fc68731146c17529419818bc38e2251f8aa9109bfe34f3
pde,part-d-formulary-file,related_to,https://resdac.org/cms-data/files/pde?page=1,data/raw/html/dataset_page/5604b2ec7bd4d71517e04a39607d45d5b421650b.html,b114be3d1fbcaf6de6fc68731146c17529419818bc38e2251f8aa9109bfe34f3
pde,part-d-pharmacy-characteristics,related_to,https://resdac.org/cms-data/files/pde?page=1,data/raw/html/dataset_page/5604b2ec7bd4d71517e04a39607d45d5b421650b.html,b114be3d1fbcaf6de6fc68731146c17529419818bc38e2251f8aa9109bfe34f3
pde,part-d-prescriber-characteristics,related_to,https://resdac.org/cms-data/files/pde?page=1,data/raw/html/dataset_page/5604b2ec7bd4d71517e04a39607d45d5b421650b.html,b114be3d1fbcaf6de6fc68731146c17529419818bc38e2251f8aa9109bfe34f3
pioneer-aco,program_medicare,belongs_to,https://resdac.org/cms-data/files/pioneer-aco,data/raw/html/dataset_page/fb3939b957813ca5fd21e0b1a725e4c9a5633f4a.html,2489eea207315faf1990b7bbaae60a8f9a1e577b4d044c54246304ec012602ee
pioneer-aco,program_medicare,belongs_to,https://resdac.org/cms-data/files/pioneer-aco?page=1,data/raw/html/dataset_page/d82072986f1b00818ff87f632eef42c89e309650.html,3751b88cbaf5af1bd1fd368fbac8a985fdd349be5122189cda9cda80ca40e5dc
plan-characteristics,program_medicare,belongs_to,https://resdac.org/cms-data/files/plan-characteristics,data/raw/html/dataset_page/99b9b8961aaddd80bd94563dc284be0e33b0d76a.html,008412cbe975409e7df430cd25ed07ff6ff00fc48c536a644effc7aa65aa38fe
plan-characteristics,pde,related_to,https://resdac.org/cms-data/files/plan-characteristics,data/raw/html/dataset_page/99b9b8961aaddd80bd94563dc284be0e33b0d76a.html,008412cbe975409e7df430cd25ed07ff6ff00fc48c536a644effc7aa65aa38fe
plan-characteristics,program_medicare,belongs_to,https://resdac.org/cms-data/files/plan-characteristics?page=1,data/raw/html/dataset_page/3805074dfb2ebcd6d95a2199f23904fc3b377e30.html,11c80bec887fd81edbb27cb3057dafb3a34a9fda3699525017e8f33de02d1365
plan-characteristics,pde,related_to,https://resdac.org/cms-data/files/plan-characteristics?page=1,data/raw/html/dataset_page/3805074dfb2ebcd6d95a2199f23904fc3b377e30.html,11c80bec887fd81edbb27cb3057dafb3a34a9fda3699525017e8f33de02d1365
plan-characteristics,program_medicare,belongs_to,https://resdac.org/cms-data/files/plan-characteristics?page=2,data/raw/html/dataset_page/8b7cb3b3ddc436da3e8aba213676753e9c338587.html,e02fa2a81192f1da3331f3a714b184ac0c671426447ece850a27948e8755498a
plan-characteristics,pde,related_to,https://resdac.org/cms-data/files/plan-characteristics?page=2,data/raw/html/dataset_page/8b7cb3b3ddc436da3e8aba213676753e9c338587.html,e02fa2a81192f1da3331f3a714b184ac0c671426447ece850a27948e8755498a
risk-score-base,program_medicare,belongs_to,https://resdac.org/cms-data/files/risk-score-base,data/raw/html/dataset_page/a908448a73ab3c65dfd95d8626da4db2940148f2.html,8f060ddbac45a1104499f032ea372377b78d629aff92a0c4a21ff1a98cc9c8fb
risk-score-mofs,program_medicare,belongs_to,https://resdac.org/cms-data/files/risk-score-mofs,data/raw/html/dataset_page/5f790fcd9499f996f1cbe1ebbbb4d8aa4648a8e3.html,115e1507f0497f47eb5a98e2ecb993e5e5d0a467e7232f4885551da7393ccbd2
snf-encounter,program_medicare,belongs_to,https://resdac.org/cms-data/files/snf-encounter,data/raw/html/dataset_page/c298ca60db439d8979df17cc3dc170729820e43b.html,14eca7499ed199b50ef7eb8c6c271b3f6099022d925b99af6275c7c2391ba3b7
snf-encounter,program_medicare,belongs_to,https://resdac.org/cms-data/files/snf-encounter?page=1,data/raw/html/dataset_page/eed21d0774a179752ac17aee49aaa749c44920f1.html,558df319777ee6f7a89a8985d3062511768f9acfa51681442f6d272621e51820
snf-encounter,program_medicare,belongs_to,https://resdac.org/cms-data/files/snf-encounter?page=2,data/raw/html/dataset_page/970e4806529a8e1d182c58a55b451dc499166a4b.html,773f491a03311d70b38b2c049dd7c8362d57fd90128d550120f5cd79acb8060a
snf-ffs,program_medicare,belongs_to,https://resdac.org/cms-data/files/snf-ffs,data/raw/html/dataset_page/8377dc546ecfb2a54ed25e3e14aa2eeb838960e6.html,cf602b336c4b0349c09b75c9078d17414470cbc363eba0214ccf5abcb2e0116f
ssp-aco-beneficiary,program_medicare,belongs_to,https://resdac.org/cms-data/files/ssp-aco-beneficiary,data/raw/html/dataset_page/851e2f88706bf729d191326e820cefd76c359914.html,7703a498d0cc2d6fe8dad17d27aab98a27c231bb7e7317501eb2e7291c997e81
ssp-aco-beneficiary,program_medicare,belongs_to,https://resdac.org/cms-data/files/ssp-aco-beneficiary?page=1,data/raw/html/dataset_page/e0b196e3d259fa2849b7e990d5bd1d887944fcad.html,4d37b255eaa85a04cd9c4c4b2d2eaa77fc87874cb446bd403a808b31ce0d86c8
ssp-aco-provider,program_medicare,belongs_to,https://resdac.org/cms-data/files/ssp-aco-provider,data/raw/html/dataset_page/fb2a7214beb51ea5c91964981c4777dbc7fd7664.html,9e633fcba3b750d74be48cdee1f268a959dba40fbeddd72d374c28a0541ba096
ssp-aco-provider,program_medicare,belongs_to,https://resdac.org/cms-data/files/ssp-aco-provider?page=1,data/raw/html/dataset_page/09b860ae2397d9bc1589465c525822cef2fc97e5.html,c9be6ee186a1d6b00dd8947f9beb84ae1cd177dacb5d1097953bd556b9867686
taf-apl,program_medicaid,belongs_to,https://resdac.org/cms-data/files/taf-apl,data/raw/html/dataset_page/2b82e934c59155c82d8d097d9c9967f22ca861d6.html,8f568ff652e13fe3dac16c7c6a9054782b1452aa9ed98cf14b090421d1d78f5e
taf-apl,program_medicaid,belongs_to,https://resdac.org/cms-data/files/taf-apl?page=1,data/raw/html/dataset_page/ef2fdeba8f725b33646c3330c2dd580e7ae885c9.html,26ddec743290eba7b86f3afb0b555f5e823b5ec30d5e6d1517d313730d93fdc8
taf-apr,program_medicaid,belongs_to,https://resdac.org/cms-data/files/taf-apr,data/raw/html/dataset_page/81facd64260398256b70954b1dc6a5772e920097.html,04062ae19149263fc42bad8cb0c1145e1f619f7667bd2129bbe7f8a993af4f02
taf-apr,program_medicaid,belongs_to,https://resdac.org/cms-data/files/taf-apr?page=1,data/raw/html/dataset_page/faaebb337d9dec4e28d79cb5a753eab265e67b07.html,3acd69f4484555918fde97b36cdb5c43d3f1e30ae1392d1bd692cf7ecdb9ed5b
taf-de,program_medicaid,belongs_to,https://resdac.org/cms-data/files/taf-de,data/raw/html/dataset_page/210e4a188a4be86fbb03b881114a897529c30c3c.html,5ca1e90eede7e8ed55f4f2ccc936b2c30aa251ec36ce9921fe292795647e3c10
taf-de,max-ps,related_to,https://resdac.org/cms-data/files/taf-de,data/raw/html/dataset_page/210e4a188a4be86fbb03b881114a897529c30c3c.html,5ca1e90eede7e8ed55f4f2ccc936b2c30aa251ec36ce9921fe292795647e3c10
taf-de,program_medicaid,belongs_to,https://resdac.org/cms-data/files/taf-de?page=1,data/raw/html/dataset_page/0a0a7d344c3ed4b1d8926319bdc536abac765db3.html,5c0ba54c444cdb9e02a5eb869f26cbe0332240e034b61d95b5320d192757ff27
taf-de,max-ps,related_to,https://resdac.org/cms-data/files/taf-de?page=1,data/raw/html/dataset_page/0a0a7d344c3ed4b1d8926319bdc536abac765db3.html,5c0ba54c444cdb9e02a5eb869f26cbe0332240e034b61d95b5320d192757ff27
taf-ip,program_medicaid,belongs_to,https://resdac.org/cms-data/files/taf-ip,data/raw/html/dataset_page/5a075429c574797815c4e25ee13d785ad327f696.html,cfdf4699ad8bedca4babf1f7ebff4d378c652ee1454f656f95206074ad87c2ad
taf-ip,max-ip,related_to,https://resdac.org/cms-data/files/taf-ip,data/raw/html/dataset_page/5a075429c574797815c4e25ee13d785ad327f696.html,cfdf4699ad8bedca4babf1f7ebff4d378c652ee1454f656f95206074ad87c2ad
taf-ip,program_medicaid,belongs_to,https://resdac.org/cms-data/files/taf-ip?page=1,data/raw/html/dataset_page/23f761c8121bfd6102211d9258b0c2148fab83b6.html,37aafe3e800bbffcdc27ab423bb8590fd7d03a090ac9cbdbecbe82c124157bcc
taf-ip,max-ip,related_to,https://resdac.org/cms-data/files/taf-ip?page=1,data/raw/html/dataset_page/23f761c8121bfd6102211d9258b0c2148fab83b6.html,37aafe3e800bbffcdc27ab423bb8590fd7d03a090ac9cbdbecbe82c124157bcc
taf-lt,program_medicaid,belongs_to,https://resdac.org/cms-data/files/taf-lt,data/raw/html/dataset_page/c974358335ae2d04e168a9d06399d1a28835ea99.html,51644b7f092066ffc90427642612359eee12a60b0619a9d2feb33034a9bb83ab
taf-lt,max-lt,related_to,https://resdac.org/cms-data/files/taf-lt,data/raw/html/dataset_page/c974358335ae2d04e168a9d06399d1a28835ea99.html,51644b7f092066ffc90427642612359eee12a60b0619a9d2feb33034a9bb83ab
taf-lt,program_medicaid,belongs_to,https://resdac.org/cms-data/files/taf-lt?page=1,data/raw/html/dataset_page/8cb6484ad20a60abb1e2f652756c576cfbf5dba9.html,a3634db3b0f311c71dc0d810560d81fa206ba70d95d50357c53766b63637dbc5
taf-lt,max-lt,related_to,https://resdac.org/cms-data/files/taf-lt?page=1,data/raw/html/dataset_page/8cb6484ad20a60abb1e2f652756c576cfbf5dba9.html,a3634db3b0f311c71dc0d810560d81fa206ba70d95d50357c53766b63637dbc5
taf-ot,program_medicaid,belongs_to,https://resdac.org/cms-data/files/taf-ot,data/raw/html/dataset_page/e035d9a83c53da628f0acde8956ee6d584a56959.html,3deba924a8b60fcf37c739286f00cf2764ba505956a46cc6092619e6e6fc2b51
taf-ot,max-ot,related_to,https://resdac.org/cms-data/files/taf-ot,data/raw/html/dataset_page/e035d9a83c53da628f0acde8956ee6d584a56959.html,3deba924a8b60fcf37c739286f00cf2764ba505956a46cc6092619e6e6fc2b51
taf-ot,program_medicaid,belongs_to,https://resdac.org/cms-data/files/taf-ot?page=1,data/raw/html/dataset_page/e8e2904b3213cf56a2268504d89441a497e5b1cf.html,7cdc80d78c0ccefc21d9d7f3f596ce2961b82a9767fb8ed5b7ffbaff7abaad16
taf-ot,max-ot,related_to,https://resdac.org/cms-data/files/taf-ot?page=1,data/raw/html/dataset_page/e8e2904b3213cf56a2268504d89441a497e5b1cf.html,7cdc80d78c0ccefc21d9d7f3f596ce2961b82a9767fb8ed5b7ffbaff7abaad16
taf-rx,program_medicaid,belongs_to,https://resdac.org/cms-data/files/taf-rx,data/raw/html/dataset_page/03d1c633e688040a12e27610be256f8cc091aaf0.html,584d2cf9e7888f02b5a7ab9196f69dd905c7a9144009ad87545c0274f198517d
taf-rx,max-rx,related_to,https://resdac.org/cms-data/files/taf-rx,data/raw/html/dataset_page/03d1c633e688040a12e27610be256f8cc091aaf0.html,584d2cf9e7888f02b5a7ab9196f69dd905c7a9144009ad87545c0274f198517d
taf-rx,program_medicaid,belongs_to,https://resdac.org/cms-data/files/taf-rx?page=1,data/raw/html/dataset_page/4e158ec9ec730af462c8ee86fbfacdaf76bb7468.html,fd1dcf4b5f7753acafaba07f58187edcd10e62116fb67d4e1032fa01689bc6a2
taf-rx,max-rx,related_to,https://resdac.org/cms-data/files/taf-rx?page=1,data/raw/html/dataset_page/4e158ec9ec730af462c8ee86fbfacdaf76bb7468.html,fd1dcf4b5f7753acafaba07f58187edcd10e62116fb67d4e1032fa01689bc6a2
vm-beneficiary,program_medicare,belongs_to,https://resdac.org/cms-data/files/vm-beneficiary,data/raw/html/dataset_page/3653a61ab2265561a4d3c9f1514c804364c08c00.html,58a1502570d51eea9b8e60ec9ffaf38d9efec579bc51d905cf389980df23c823
vm-beneficiary,program_medicare,belongs_to,https://resdac.org/cms-data/files/vm-beneficiary?page=1,data/raw/html/dataset_page/74b7ff42b4d90f31994ef3c216ee9fb7851c1afa.html,55f12e1ac67bbbf9d7691c3fe13d101855f94014d527e86bbd0372c9fac4e1b5
vm-npi-practice,program_medicare,belongs_to,https://resdac.org/cms-data/files/vm-npi-practice,data/raw/html/dataset_page/01eb4fe57527d05d88b1ecd7f5129931a5bb5a3b.html,6af7530855bf3b37fac09f7a58774f85aa72e58827ee8606dfe7f697b4e74243
vm-npi-practice,program_medicare,belongs_to,https://resdac.org/cms-data/files/vm-npi-practice?page=1,data/raw/html/dataset_page/ae5d36997a900aec079861d6a07524b88ba61ff0.html,bfc5132ce9811b4d6e399cb9ed9278366ac6a4d49735f47e036aaed735f9ce1a
vm-practice,program_medicare,belongs_to,https://resdac.org/cms-data/files/vm-practice,data/raw/html/dataset_page/34fdc792e002fce269f5f69b4a6da2e20bbfc4fa.html,f22a8e9c5f8fa9821db7e6b241d656bce3330cee058fb3b099da2899a025c943
vm-practice,program_medicare,belongs_to,https://resdac.org/cms-data/files/vm-practice?page=1,data/raw/html/dataset_page/8f9b0a385f4ff82247804dc387eb5b717016df6e.html,b16aff800ca6aefeb943ed88d7ce7ad2fe953fd9d95aa9984c49dd26a61f6356
